Data Series,All Items (Per Cent),All Items -> Food (Per Cent),All Items -> Food Excl Food Serving Services (Per Cent),All Items -> Food Excl Food Serving Services -> Bread & Cereals (Per Cent),All Items -> Food Excl Food Serving Services -> Bread & Cereals -> Rice (Per Cent),All Items -> Food Excl Food Serving Services -> Bread & Cereals -> Flour (Per Cent),All Items -> Food Excl Food Serving Services -> Bread & Cereals -> Bread (Per Cent),All Items -> Food Excl Food Serving Services -> Bread & Cereals -> Noodles & Pasta (Per Cent),All Items -> Food Excl Food Serving Services -> Bread & Cereals -> Biscuits & Cookies (Per Cent),All Items -> Food Excl Food Serving Services -> Bread & Cereals -> Cakes & Pastries (Per Cent),All Items -> Food Excl Food Serving Services -> Bread & Cereals -> Other Cereals (Per Cent),All Items -> Food Excl Food Serving Services -> Meat (Per Cent),"All Items -> Food Excl Food Serving Services -> Meat -> Pork, Chilled (Per Cent)","All Items -> Food Excl Food Serving Services -> Meat -> Beef, Chilled (Per Cent)","All Items -> Food Excl Food Serving Services -> Meat -> Mutton, Chilled (Per Cent)","All Items -> Food Excl Food Serving Services -> Meat -> Poultry, Chilled (Per Cent)","All Items -> Food Excl Food Serving Services -> Meat -> Meat, Frozen (Per Cent)",All Items -> Food Excl Food Serving Services -> Meat -> Meat Preparations (Per Cent),All Items -> Food Excl Food Serving Services -> Fish & Seafood (Per Cent),"All Items -> Food Excl Food Serving Services -> Fish & Seafood -> Fish, Chilled (Per Cent)","All Items -> Food Excl Food Serving Services -> Fish & Seafood -> Fish, Frozen (Per Cent)",All Items -> Food Excl Food Serving Services -> Fish & Seafood -> Other Seafood (Per Cent),All Items -> Food Excl Food Serving Services -> Fish & Seafood -> Seafood Preparations (Per Cent),"All Items -> Food Excl Food Serving Services -> Milk, Cheese & Eggs (Per Cent)","All Items -> Food Excl Food Serving Services -> Milk, Cheese & Eggs -> Formula Milk Powder (Per Cent)","All Items -> Food Excl Food Serving Services -> Milk, Cheese & Eggs -> Other Milk & Dairy Products (Per Cent)","All Items -> Food Excl Food Serving Services -> Milk, Cheese & Eggs -> Eggs (Per Cent)",All Items -> Food Excl Food Serving Services -> Oils & Fats (Per Cent),All Items -> Food Excl Food Serving Services -> Oils & Fats -> Butter & Other Fats (Per Cent),All Items -> Food Excl Food Serving Services -> Oils & Fats -> Cooking Oils (Per Cent),All Items -> Food Excl Food Serving Services -> Fruits (Per Cent),"All Items -> Food Excl Food Serving Services -> Fruits -> Tropical Fruits, Fresh (Per Cent)","All Items -> Food Excl Food Serving Services -> Fruits -> Citrus, Berries & Other Fruits, Fresh (Per Cent)",All Items -> Food Excl Food Serving Services -> Fruits -> Preserved Fruits & Nuts (Per Cent),All Items -> Food Excl Food Serving Services -> Vegetables (Per Cent),"All Items -> Food Excl Food Serving Services -> Vegetables -> Leafy Vegetables, Fresh (Per Cent)","All Items -> Food Excl Food Serving Services -> Vegetables -> Fruit Vegetables, Fresh (Per Cent)","All Items -> Food Excl Food Serving Services -> Vegetables -> Root Vegetables, Fresh (Per Cent)",All Items -> Food Excl Food Serving Services -> Vegetables -> Other Vegetables & Preparations (Per Cent),"All Items -> Food Excl Food Serving Services -> Sugar, Preserves & Confectionery (Per Cent)","All Items -> Food Excl Food Serving Services -> Sugar, Preserves & Confectionery -> Sugar (Per Cent)","All Items -> Food Excl Food Serving Services -> Sugar, Preserves & Confectionery -> Confectionery & Ice-Cream (Per Cent)","All Items -> Food Excl Food Serving Services -> Sugar, Preserves & Confectionery -> Sugar Preserves & Spread (Per Cent)",All Items -> Food Excl Food Serving Services -> Non-Alcoholic Beverages (Per Cent),All Items -> Food Excl Food Serving Services -> Non-Alcoholic Beverages -> Coffee & Tea (Per Cent),All Items -> Food Excl Food Serving Services -> Non-Alcoholic Beverages -> Soft Drinks (Per Cent),All Items -> Food Excl Food Serving Services -> Non-Alcoholic Beverages -> Other Beverages (Per Cent),All Items -> Food Excl Food Serving Services -> Other Food (Per Cent),All Items -> Food Serving Services (Per Cent),All Items -> Food Serving Services -> Restaurant Food (Per Cent),All Items -> Food Serving Services -> Fast Food (Per Cent),All Items -> Food Serving Services -> Hawker Food (Per Cent),All Items -> Food Serving Services -> Hawker Food -> Hawker Centres (Per Cent),All Items -> Food Serving Services -> Hawker Food -> Food Courts & Coffee Shops (Per Cent),All Items -> Food Serving Services -> Catered Food (Per Cent),All Items -> Clothing & Footwear (Per Cent),All Items -> Clothing & Footwear -> Clothing (Per Cent),"All Items -> Clothing & Footwear -> Clothing -> Men's Clothing (Per Cent)","All Items -> Clothing & Footwear -> Clothing -> Women's Clothing (Per Cent)","All Items -> Clothing & Footwear -> Clothing -> Children's Clothing (Per Cent)",All Items -> Clothing & Footwear -> Other Articles & Related Services (Per Cent),All Items -> Clothing & Footwear -> Footwear (Per Cent),"All Items -> Clothing & Footwear -> Footwear -> Men's Footwear (Per Cent)","All Items -> Clothing & Footwear -> Footwear -> Women's Footwear (Per Cent)","All Items -> Clothing & Footwear -> Footwear -> Children's Footwear (Per Cent)",All Items -> Housing & Utilities (Per Cent),All Items -> Housing & Utilities -> Accommodation (Per Cent),All Items -> Housing & Utilities -> Utilities & Other Fuels (Per Cent),All Items -> Housing & Utilities -> Utilities & Other Fuels -> Water Supply (Per Cent),All Items -> Housing & Utilities -> Utilities & Other Fuels -> Refuse Collection (Per Cent),All Items -> Housing & Utilities -> Utilities & Other Fuels -> Electricity (Per Cent),All Items -> Housing & Utilities -> Utilities & Other Fuels -> Gas (Per Cent),All Items -> Household Durables & Services (Per Cent),All Items -> Household Durables & Services -> Household Durables (Per Cent),All Items -> Household Durables & Services -> Household Durables -> Furniture (Per Cent),All Items -> Household Durables & Services -> Household Durables -> Furnishings (Per Cent),All Items -> Household Durables & Services -> Household Durables -> Other Household Textiles (Per Cent),All Items -> Household Durables & Services -> Household Durables -> Household Appliances (Per Cent),All Items -> Household Durables & Services -> Household Durables -> Utensils & Others (Per Cent),All Items -> Household Durables & Services -> Household Services & Supplies (Per Cent),All Items -> Household Durables & Services -> Household Services & Supplies -> Non-Durable Household Goods (Per Cent),All Items -> Household Durables & Services -> Household Services & Supplies -> Domestic & Household Services (Per Cent),All Items -> Health Care (Per Cent),All Items -> Health Care -> Medicines & Health Products (Per Cent),All Items -> Health Care -> Medicines & Health Products -> Medicines & Vitamins (Per Cent),All Items -> Health Care -> Medicines & Health Products -> Medical Products (Per Cent),All Items -> Health Care -> Outpatient Services (Per Cent),All Items -> Health Care -> Outpatient Services -> Fees At Polyclinics (Per Cent),All Items -> Health Care -> Outpatient Services -> Fees At General Practitioners (GP) Clinics (Per Cent),All Items -> Health Care -> Outpatient Services -> Fees At Specialist Outpatient Clinics (Per Cent),All Items -> Health Care -> Outpatient Services -> Dental Services (Per Cent),All Items -> Health Care -> Outpatient Services -> Paramedical Services (Per Cent),All Items -> Health Care -> Hospital Services (Per Cent),All Items -> Health Care -> Health Insurance (Per Cent),All Items -> Transport (Per Cent),All Items -> Transport -> Private Transport (Per Cent),All Items -> Transport -> Private Transport -> Cars (Per Cent),All Items -> Transport -> Private Transport -> Motorcycles (Per Cent),All Items -> Transport -> Private Transport -> Petrol (Per Cent),All Items -> Transport -> Private Transport -> Other Private Transport (Per Cent),All Items -> Transport -> Public Transport (Per Cent),All Items -> Transport -> Public Transport -> Bus & Train Fares (Per Cent),All Items -> Transport -> Public Transport -> Point-To-Point Transport Services (Per Cent),All Items -> Transport -> Public Transport -> Other Public Transport (Per Cent),All Items -> Transport -> Other Transport Services (Per Cent),All Items -> Transport -> Other Transport Services -> Air Fares (Per Cent),All Items -> Transport -> Other Transport Services -> Other Transport (Per Cent),All Items -> Communication (Per Cent),All Items -> Communication -> Postage & Courier Services (Per Cent),All Items -> Communication -> Telecommunication Equipment (Per Cent),All Items -> Communication -> Telecommunication Services (Per Cent),All Items -> Recreation & Culture (Per Cent),All Items -> Recreation & Culture -> Recreational & Cultural Goods (Per Cent),All Items -> Recreation & Culture -> Recreational & Cultural Goods -> Information Processing Equipment (Per Cent),All Items -> Recreation & Culture -> Recreational & Cultural Goods -> Audio-Visual Equipment & Others (Per Cent),All Items -> Recreation & Culture -> Recreational & Cultural Goods -> Games & Toys (Per Cent),All Items -> Recreation & Culture -> Recreational & Cultural Goods -> Pets & Related Products (Per Cent),All Items -> Recreation & Culture -> Recreational & Cultural Goods -> Other Recreational & Cultural Goods (Per Cent),All Items -> Recreation & Culture -> Recreational & Cultural Services (Per Cent),All Items -> Recreation & Culture -> Recreational & Cultural Services -> Sport Services & Other Fees (Per Cent),All Items -> Recreation & Culture -> Recreational & Cultural Services -> Cinema Tickets (Per Cent),All Items -> Recreation & Culture -> Recreational & Cultural Services -> Charges To Places Of Interest (Per Cent),All Items -> Recreation & Culture -> Recreational & Cultural Services -> Other Recreational & Cultural Services (Per Cent),"All Items -> Recreation & Culture -> Newspapers, Books & Stationery (Per Cent)","All Items -> Recreation & Culture -> Newspapers, Books & Stationery -> Newspapers & Magazines (Per Cent)","All Items -> Recreation & Culture -> Newspapers, Books & Stationery -> Books & Stationery (Per Cent)",All Items -> Recreation & Culture -> Holiday Expenses (Per Cent),All Items -> Recreation & Culture -> Holiday Expenses -> Package Tours (Per Cent),All Items -> Recreation & Culture -> Holiday Expenses -> Hotels & Other Expenses (Per Cent),All Items -> Education (Per Cent),All Items -> Education -> Tuition & Other Fees (Per Cent),All Items -> Education -> Tuition & Other Fees -> Primary Education (Per Cent),All Items -> Education -> Tuition & Other Fees -> Secondary Education (Per Cent),"All Items -> Education -> Tuition & Other Fees -> Other General, Vocational & Higher Education (Per Cent)",All Items -> Education -> Tuition & Other Fees -> Enrichment & Supplementary Courses (Per Cent),All Items -> Education -> Textbooks & Study Guides (Per Cent),All Items -> Miscellaneous Goods & Services (Per Cent),All Items -> Miscellaneous Goods & Services -> Personal Care (Per Cent),All Items -> Miscellaneous Goods & Services -> Personal Care -> Hairdressing (Per Cent),All Items -> Miscellaneous Goods & Services -> Personal Care -> Personal Grooming Services (Per Cent),All Items -> Miscellaneous Goods & Services -> Personal Care -> Other Personal Care (Per Cent),All Items -> Miscellaneous Goods & Services -> Alcoholic Drinks & Tobacco (Per Cent),All Items -> Miscellaneous Goods & Services -> Alcoholic Drinks & Tobacco -> Spirits & Wine (Per Cent),All Items -> Miscellaneous Goods & Services -> Alcoholic Drinks & Tobacco -> Beer (Per Cent),All Items -> Miscellaneous Goods & Services -> Alcoholic Drinks & Tobacco -> Cigarettes (Per Cent),All Items -> Miscellaneous Goods & Services -> Personal Effects (Per Cent),All Items -> Miscellaneous Goods & Services -> Personal Effects -> Jewellery & Watches (Per Cent),All Items -> Miscellaneous Goods & Services -> Personal Effects -> Other Personal Effects (Per Cent),All Items -> Miscellaneous Goods & Services -> Social Services (Per Cent),All Items -> Miscellaneous Goods & Services -> Other Miscellaneous Services (Per Cent),All Items Less Imputed Rentals On Owner-Occupied Accommodation (Per Cent),All Items Less Accommodation (Per Cent)
  2021 Dec,4,2.1,3,1.6,-0.5,0,2.4,2.6,0.9,1.7,2.3,2.2,2.2,8.9,5.1,3.4,-3.3,0.9,2.2,2.7,4.7,4.1,-2,2.1,0.3,0.9,9.9,5.6,0.6,7.7,6.2,-0.2,12.1,1.1,6.4,13.9,5.6,-1,1.1,-1.5,2.7,-2.2,-0.5,1,2.8,1.1,-1.2,1.4,1.6,1.3,2.4,1.8,1.4,2,0.7,-6.2,-5.4,-5.7,-5.4,-5.3,-3.3,-9.4,-11.8,-7,-11.5,3.4,3,6.8,0,0,11.6,6.6,2,2.1,2.6,6.9,-0.5,1.5,0.5,2,0.4,2.2,1.5,0.1,0.4,-0.6,0.8,1.2,-5.2,0.8,2.5,1.5,1.5,6.2,13.7,15.5,19.1,10.9,25.7,-3,2.5,0.4,5.6,1.1,22.2,23,0.6,-1.2,0,-4,-1.1,1.9,0.5,-2.9,6.8,-3.4,1.2,2.3,1.6,2,8.2,-5.6,-0.4,0.4,0,0.6,2.6,4.2,-1.8,2,2,0,0,1.2,4.1,-0.2,0,-1,-0.8,0.3,-1.6,-0.5,-1.1,-2.2,0,5.3,0.5,7.8,-2.8,-1,4.1,4.2
  2021 Nov,3.8,1.9,2.5,1.8,1.4,0.5,2.4,1.7,1.7,1.4,2.3,1.5,0.8,7.6,6.9,2.8,-3,0.5,1.6,2.1,1.8,2.9,-1.6,2.3,0.6,1.1,10,4.9,-0.4,7,3.4,-1.3,7.4,1,6.8,13.6,7.2,-0.3,1.3,-1.6,2.7,-2.4,-0.2,1.1,2.8,1.5,-1.1,1.7,1.6,1.1,2.5,1.8,1.2,2,0.7,-6.6,-5.5,-5.8,-4,-11.6,-3.8,-10.7,-14.3,-7.1,-13.5,3.1,2.7,6.3,0,0,10.7,6.6,1.8,2.1,3,2.6,1.7,2.1,0,1.6,-0.5,2,1.5,0.3,0.5,-0.5,0.7,1.2,-4,0.5,3,1.3,1.4,6.2,14.2,17.9,22.1,13,29.6,-2.7,1.4,0,3.4,1,11.5,11.9,1.6,-1.2,0,-8.1,-0.7,2,0.5,-3.4,8.7,-2.2,0.5,0.6,1.8,2.2,4.7,1,0.2,0.2,0,0.2,2.7,3.3,1,1.6,1.7,0,0,1.2,3,-0.2,-0.1,-0.9,-0.8,0.3,-1.4,-0.1,-1.1,0.2,0,4.5,0.2,6.8,-2.8,-1.3,4.1,4.2
  2021 Oct,3.2,1.7,2.1,1.6,0,0.5,2.5,2,1.6,1.4,2.6,1.1,3.1,5.6,-3.5,0.6,-4.2,0.8,0.5,0.4,1.1,2,-0.9,1.5,-0.3,0.6,8.5,4.8,0.4,6.5,4.1,0.1,7.9,0,4.8,8.1,6.2,1.5,1.4,-0.2,1,-0.6,0.5,1.5,3.3,0.5,0.3,2,1.6,1.4,2.3,1.6,1.2,1.8,0.7,-3.2,-3.4,-2.4,-2.9,-7.9,-1.6,-3,-0.5,-4.9,-3.1,2.7,2.5,4.9,0,0,7.7,8.1,1.6,1.4,2.8,1.1,0,1.3,-0.7,1.7,-0.8,2.2,1.7,0.9,1.2,-0.3,0.7,1.2,-4.7,0.8,2.5,1.3,1.8,6.3,11.1,14.3,16.9,11.1,27.8,-2.9,2.1,0,5.4,0.8,5,5.1,1.5,-1.6,-5.6,-2.9,-1.5,2.1,0.3,-1.8,3,0.1,0.3,0.7,2.2,2.1,4.7,24.2,-0.2,0.2,0,0.4,2.7,2.5,3.3,1.6,1.6,0,0,1.2,2.9,-0.2,-0.6,-1.5,-0.8,0.4,-2.5,-0.2,-0.1,-1,0,3,-0.6,4.9,-2.8,-1.3,3.4,3.5
  2021 Sep,2.5,1.6,1.6,0.6,-3.3,-2.9,1.5,1.2,0.8,1.3,2.4,0.3,-1.7,8.8,3.2,1.1,-4.6,1.9,-0.4,0,-0.6,0.1,-2.1,1.3,0.6,-0.1,7,6.9,1.5,9.1,4.1,1,7.2,0.1,4.4,8.5,6.5,-0.4,0.2,-0.9,3,-1.3,-0.5,1.5,2.6,1.6,0.1,2,1.6,1.6,2.1,1.6,1.2,1.7,0.7,-5,-5.6,-2.1,-5.8,-12.1,-1.4,-3.7,-0.8,-5.8,-5.1,2.3,1.9,6.1,0,0,10.1,9,1.5,1.3,1.7,1.7,-2.1,2.1,-0.8,1.6,-2.3,2.2,1.8,0.7,1.6,-1.8,0.8,1.2,-4.8,0.8,2.7,1.4,2,6.3,8.3,10.8,12,12.5,25.4,-3.2,2,0,5,0.6,2.5,2.5,1.2,-2.2,-11.6,-10,-1.7,1.5,-0.1,-2,2.1,-1.8,-0.7,1.8,1.4,2.5,4.7,3.6,-1.6,0.2,0,0.3,2.1,2,2.5,1.2,1.3,0,0,1,2.1,-0.1,-0.3,-1.8,0,0.3,-3.1,0.1,-1.2,2.1,0,4.9,-2.2,8.8,-2.8,-0.6,2.6,2.7
  2021 Aug,2.4,1.5,1.4,0.1,-3.8,-3.3,1.2,0.5,-1,1.3,2.4,-0.4,-3,8,5.7,1.9,-5.2,-0.3,0.4,0.4,9,0.7,-1.2,0.9,0.2,0.1,4.8,3.7,0.9,4.8,5,0.5,9.7,-0.5,4,5.9,7.4,1.9,0.5,-1.8,3.1,-2.9,0.4,0.9,0.8,0.8,0.9,1.2,1.5,1.4,1.9,1.6,1.3,1.7,0.7,-6.2,-6.8,-5.1,-6.8,-10.3,-4.5,-4.8,-2,-7.1,-3.9,2.2,1.7,6,0,0,9.9,9,1.6,1.3,2.7,-3.3,-3.4,2.8,-0.8,1.9,-0.5,2.3,1.7,1.1,1.8,-1.3,0.7,1,-4.7,0.9,2.3,1.1,1.7,6.3,8.3,10.8,12,9.9,25.6,-2.7,2.1,0,5.3,0.6,2.4,2.4,0.9,-2.2,-11.6,-9.9,-1.6,1.4,0.3,-3.6,4.1,-0.5,-0.2,2.3,1.5,2.3,2.7,0.2,0,0.2,0,0.4,1.7,1.6,2,1.3,1.3,0,0,0.7,2.9,-0.1,-0.1,-1.8,0,0.3,-3.2,0.1,0.7,0.2,0,6.5,-1.1,10.8,-2.8,-1.2,2.5,2.6
  2021 Jul,2.5,1.1,0.7,-0.2,-3,-1,0.2,0.3,-1.8,1.1,1.8,-0.4,-2,3.5,1.7,1.2,-2.7,-0.5,0.4,0.2,2.9,1.5,-0.8,0.9,0.1,0.2,4.8,3.1,-0.7,4.7,0.4,0.2,0.7,-0.1,4.1,7.7,5.3,1.7,-0.4,-1,1.3,-1.8,0.9,0.7,1.7,0.1,0.2,0.1,1.3,1.1,1.3,1.5,1.1,1.6,0.7,-5.5,-6.8,-3.2,-7.9,-9.3,-1.5,-2,1.4,-5.2,0.4,1.9,1.4,6.1,0,0,9.9,9.6,1.6,1.6,3,-1,-1.6,2.5,-0.6,1.6,-1.8,2.2,1.6,0.9,1.7,-1.6,0.5,0,-4.6,0.8,1.8,0.8,1.8,6.3,9.6,12.6,13.9,9.2,25.4,0.3,2.1,0,5.5,0.6,2.4,2.5,0.8,-1.5,-11.6,-9.2,-1,1.4,0,-5.4,5.9,-0.9,0.2,1.7,1.3,2.4,2.7,8,-1.6,0.6,0,1,1.9,1.8,2.3,1.4,1.4,0,0,0.8,2.9,-0.1,-0.7,-2.1,0,0.5,-3.7,-0.4,-0.8,-2,0,3.3,-1.1,5.7,-3.1,-0.1,2.7,2.8
  2021 Jun,2.4,0.9,0.1,-0.4,-3.4,-3.5,-0.4,0.5,-0.7,0.9,0.8,-1.7,-3.9,4.1,-0.6,0.5,-3.5,-1.8,0.5,-0.1,-0.6,2.9,-0.3,0.4,0.9,-1.2,3.8,-4.4,2.5,-6.9,0.8,4.3,-1.5,0.6,3.5,9,4.3,-0.7,-1.9,-1.8,1.2,-3.1,2.1,-1.2,-0.3,-2.3,-1.3,1.2,1.3,1.1,1.1,1.5,1.4,1.5,0.6,-9,-8.7,-4.5,-9.6,-13.5,-6.8,-10.4,-8.6,-11.7,-10.8,0.8,1.1,-1.2,0,0,-3.3,5.9,1.5,2.5,2.7,10.2,-1.7,2.2,0.3,0.9,-2.3,1.4,1.1,-0.3,-0.1,-0.9,0.2,0,-4.4,0.1,2.6,0.6,1.1,6.3,11.1,14.9,17.4,32.5,22.7,1.2,1.8,0,4.7,0.6,2.3,2.4,1.3,0.2,-11.6,-4.1,0.6,1.1,-1.7,-5.8,1.6,-5.9,0.5,2.5,1.2,2,2.7,15.8,-2,0,0,0.1,1.9,1.7,2.3,1.3,1.3,0,0,0.8,2.6,-0.1,-0.1,-1.2,0,0.5,-2.3,0.3,1.6,0.6,0,1.7,1,2,-0.9,1.4,2.6,2.8
  2021 May,2.4,1,0.6,-0.3,-4,-5.2,0.9,-0.7,-0.9,1.3,-1.4,-2.5,-4.4,1.1,-10.8,0.5,-4.1,-1.9,2.3,3,-1.4,4.7,-1.8,0.2,0.5,-0.7,1.9,-5.1,3.4,-8.2,2.7,2.9,3.1,0.9,3.9,10.7,5.1,-1.8,-2,-1.6,-0.1,-2.6,1.5,0.6,2.4,-0.6,-0.3,1,1.2,1.1,1.1,1.3,1.6,1.3,0.6,-4.1,-3.2,-1.3,-4.4,-1.7,-3.5,-6.7,-5.8,-7.8,-4.8,0.6,0.9,-1.2,0,0,-3.4,6.2,1.6,2.4,3.4,7.3,-3.1,2.3,0.2,1.1,-0.7,1.4,1,-1.5,-1.8,-0.4,0.3,0,-2.7,0.2,2.5,0.6,1.4,6.3,11,14.5,16.7,31.1,21.1,2.3,3.1,0,8,0.6,2.3,2.4,-0.8,0.4,-11.6,1.3,0.5,1,-0.6,-3,1.3,-3.8,0.2,2.8,0.7,2,0,11.3,-2.1,-0.2,0,-0.3,1.6,1.5,2.1,1,1,0,0,0.8,1.8,-0.1,-0.3,-1.3,0,0.5,-2.4,0,0.9,-1.3,0,1.2,0.5,1.6,-0.9,1.4,2.7,2.9
  2021 Apr,2.1,1,0.6,0.2,-3.4,-6.3,1.6,0.7,-0.8,1.4,0.7,-1.6,-2.3,2.8,-14.1,0.5,-2.7,-1.4,-0.2,-2.2,-3.7,3.3,2.9,-0.5,0.3,-0.2,-3.3,-5.5,2.3,-8.4,2.6,-1.2,6,0.2,3.5,6.8,6.5,-1.5,0.4,2.9,-1.6,3.5,2.4,1.5,1,0.6,2.9,1.5,1.1,0.9,1,1.3,1.5,1.2,0.6,-4.9,-4.4,-0.4,-6.4,-3,-3,-6.8,-4.2,-10.1,1.5,0.5,0.7,-1.5,0,0,-3.6,4.5,1.2,1.3,1.1,3.1,-2.8,2.1,0.2,1.1,-0.5,1.4,0.9,-0.7,-0.8,-0.5,0.6,0,-0.3,0.3,2.3,0.6,1.2,3.8,9.7,12.9,16,28.7,15,1.1,2.2,0,5.7,0.5,2.2,2.1,6.6,-0.3,-11.6,4.4,-0.5,0.8,-1.1,-5.8,0,-2.7,0.8,3.1,1.2,2,0,3.9,0.1,-0.3,0,-0.5,1.3,1.1,1.8,1,1,0,0,0.8,1.8,-0.1,-0.3,-1.1,0,0.5,-2.1,-0.3,-0.7,-1.2,0,1.2,0.8,1.4,-0.9,1.1,2.3,2.5
  2021 Mar,1.3,1.4,2.2,0.7,-1.1,-2.8,0.1,1.7,0.7,2,0.2,0.8,-1.2,3.8,-3.7,1.6,1.2,2.7,0.6,-0.9,4,1.8,3.8,3.5,0.4,5.7,4.2,1.8,5.6,0.3,1.6,-1.1,3.6,1.3,6.3,8.1,15.4,-0.1,2.5,5.7,-1.6,7.3,2.8,3.1,3,1.4,4.7,1.2,1,1.1,1,1,1.4,1,0.7,-4.8,-6.1,-4,-7.8,-2.6,-2.3,-1.1,-1.8,-1.4,4.2,-0.2,0.5,-6.3,0,0,-11.7,1.6,1.2,1.5,1.2,3.4,-3.3,2.5,0.8,1.1,-0.9,1.4,1,-0.5,-0.4,-0.9,0.5,0.1,-0.1,0.2,2.3,0.4,1.3,4.7,5.7,7.2,10,26.3,10.6,-4.3,2.2,0,5.7,-0.4,1.5,1.3,7.1,0.8,-11.6,-5.6,1.4,0.3,-1.2,-4.4,-0.5,-1.9,0.1,1.4,0.8,1.8,0,-7.3,0.1,0.8,0,1.3,0.5,0.3,1.3,1,1.1,0,0,0.8,1.8,-0.1,-1.1,-1.6,0,0.2,-2.8,0.1,1.1,-0.2,0,-2.4,-4.3,-1.4,-0.9,0.9,1.4,1.5
  2021 Feb,0.7,1.6,2.6,0.5,-2.5,2.4,0.1,1.2,1.8,2,-0.2,2.2,1,3.4,-4.3,2.3,3.3,4.2,2.5,2.4,-5,3,3.8,3.2,0.5,4,7.3,-0.4,1.6,-1.3,1.8,-1.8,4.8,0.1,6.8,8.1,13.6,2.7,3.3,2.9,-1.7,3.4,2.9,2.5,1.2,0.8,5.8,2.2,1.2,1,1.3,1.3,1.5,1.2,0.7,-6.3,-7,-4.8,-9.3,-0.2,-0.3,-5.4,-3.1,-8.6,2.9,-0.3,0.5,-6.4,0,0,-11.9,1.6,1,1,0.6,3,-3.2,2.3,-0.3,1,-1.5,1.4,-0.2,-1,-1.2,-0.4,-0.7,-4.2,-11.8,0.5,1.6,0.4,1.4,0.1,3.1,4.2,8.8,24.7,-1.1,-5.9,-0.1,0,0.1,-2.6,0.9,0.6,9.8,0.6,-11.6,1.1,0.7,0.1,-0.4,-1,-1,-1.2,-0.5,1.3,0.6,1.7,0,-8.8,0.2,0.5,0,0.8,-0.1,-0.3,0.4,1,1.1,0,0,0.8,1.8,-0.1,-1.4,-1.3,0,0.2,-2.3,0,2.4,-2.5,0,-5,-4,-5.4,-0.5,0.4,0.8,0.8
  2021 Jan,0.2,1.5,2,1.7,0.9,-1.7,0.7,3.3,2.8,2.3,1.6,2.5,0.9,0.6,0.6,1.4,5.4,5.9,-4.3,-3.7,0.5,-12.9,5.9,2.5,-0.2,4.2,3.8,0.7,4.7,-0.8,0,-2.2,1.2,1.2,7.3,8.3,10.7,4.7,5.2,7.8,1.5,9.5,4,6.9,4.6,9.4,7.4,3,1.2,0.8,1.3,1.4,1.6,1.4,0.7,-4.6,-4,-1.2,-5.9,0.2,0.4,-7.5,-6.7,-9.8,2.9,-0.3,0.5,-6.3,0,0,-12,2.6,1,1.1,1.4,1.4,-4.1,1.9,0.7,1,-0.4,1.3,-0.1,0.4,0.8,-0.7,-1.1,-6.9,-15.6,0.7,1.6,0.4,1.3,0.1,0.7,1.9,6.9,25.6,-8.7,-5.8,-0.1,0,1.4,-7.8,-6.3,-6.8,7.5,1.2,-11.6,1.5,1.2,-1.2,0.1,0.4,-1.1,-1.2,1.1,1.3,0.5,1.7,0,-11.2,0.2,0.6,0,0.9,-2.4,-3.4,0.4,0.7,0.8,0,0,0.3,1.9,-0.1,-1.5,-1.8,0,0.3,-3.2,-0.2,1.6,-3,0,-3.6,-3.8,-3.4,-0.5,0,0.2,0.2
  2020 Dec,0,1.6,2.3,0.7,-3.2,-5.8,0,2,2,2.4,3.5,3.7,3.7,0.8,3.5,1.8,5.8,6.2,0,0,-2.2,-4.2,5.4,2.2,0.1,3.9,2.1,-0.3,0.8,-0.7,-0.1,0.6,-0.9,1,6,4.9,9.9,5.4,5.3,6.3,-0.8,8.4,1.9,4.6,3.4,5.4,5.6,3,1.3,1.2,1,1.4,1.6,1.4,0.6,-4.1,-3.7,-4.9,-3.5,-2.5,1.3,-6.2,-2.8,-10.1,2.5,-0.2,0.3,-4.4,0,0,-8.1,0.7,0.5,0.6,0.3,-0.3,-3.2,1.6,1.1,0.4,0.3,0.4,-0.4,-0.8,-0.8,-0.8,-1.1,-6.9,-15.7,0.7,1.5,0.6,1.2,0.1,0.6,1.2,6.1,31.7,-11,-5.3,2.4,6.1,-1,-4.3,-6.3,-6.7,7,0.7,-6.5,0.6,0.8,-2.2,1,-1,0.7,3,-0.1,2.1,0.4,0.5,2.1,-5,0.2,0.9,0,1.4,-4.4,-3.9,-5.8,-1,-1,0,0.5,-2.4,1.2,-0.1,-1.4,-0.6,0,0.2,-1.1,-0.2,1.5,-2.8,0,-5.9,-3.5,-7.1,-2.7,0,-0.1,0
  2020 Nov,-0.1,1.8,2.6,0.8,-3.5,-6,1.1,1.5,1.8,2.3,1.4,4.4,6.3,2.1,1.3,1.8,6,5,1.7,2.1,-1.9,-0.4,3.8,1.6,-0.7,4,-0.3,1.8,3.7,1,0.9,0.4,1.1,1.3,5.8,5.1,8.9,4.7,5.7,5.3,-1.8,6.4,3.9,3.8,2.4,3,6.3,2.2,1.3,1.4,0.9,1.4,1.7,1.3,0.6,-5.8,-5.4,-2.8,-7.6,0.4,-0.6,-8.4,-3.9,-13.3,1.4,-0.3,0.3,-4.4,0,0,-8.2,0.7,0.4,0.3,-0.6,-0.4,-3.9,1.6,1.7,0.5,1,0.4,-0.5,-1.4,-2,0.5,-1.2,-6.9,-15.7,0.7,1.1,0.6,1.2,0.1,-0.4,-1.3,2.6,25.4,-11.5,-6,3.3,7,-0.3,-3.5,-0.9,-1.3,10.7,0.8,-6.7,-3.1,1.1,-1.9,-0.1,-1.9,-2.7,1.5,0.3,1.9,0.3,0.4,2.1,-7,0.3,0.7,0,1.1,-3.5,-1.9,-7.6,-0.8,-0.8,0,0.5,-2.4,1.9,-0.1,-1.7,-0.9,0,0.2,-1.7,-0.6,-0.4,-4,0,-6.4,-3.2,-8,-2.7,0,-0.3,-0.3
  2020 Oct,-0.2,1.7,2.5,2,0.2,-5.7,1.6,1.8,4.9,2.7,1.8,4,4.9,0,5,1.8,7.1,4.6,0.2,0.2,-0.5,-3.7,5,1.3,0,4.2,-4.2,-0.1,-1.1,0.3,1,0.1,1.7,0.8,5.6,5.8,9.5,2.2,5.3,6.3,-0.9,8.1,3.1,3.4,1.3,3.4,6.1,1.6,1.3,1.2,1.2,1.4,1.6,1.3,0.6,-4.3,-4,-4.5,-4.7,0.2,-0.6,-5.9,-8,-5.2,0.8,-0.3,0.3,-4.7,0,0,-8.4,-0.7,0.7,1.4,1.8,0.8,-2.2,1.4,2.8,0.3,0.7,0.2,-1.7,-0.9,-1.3,0.2,-4,-12.2,-25.1,-0.1,-5.3,0.6,1.6,0,-0.6,-1.3,2.3,27.5,-11,-6.1,3.4,7,-0.2,-3.1,-2.3,-2.6,8.1,0.8,-1.6,-11.3,1.7,-2,-0.3,-1.4,-0.3,-1.8,0.3,1.6,-0.3,0.4,2.1,-25.6,0.3,0.7,0,1.1,-3.4,-2,-7,-0.7,-0.7,0,0.5,-2.4,2.1,-0.1,-1.3,-0.6,0,0.2,-1.1,-0.5,0.1,-3.5,0,-5.1,-2.9,-6.3,-2.7,0,-0.4,-0.4
  2020 Sep,0,1.8,3.1,1.4,0.2,-3.6,1.3,2.3,3.4,1.7,0.2,5.7,9.4,0.1,5.8,1.5,8.7,5.7,1.8,0.9,3.1,1.5,5.2,2,-0.8,5.3,-1.6,-1.7,-1.6,-1.8,2.2,2.5,2.3,1.3,5.8,6.3,9.9,2.4,4.9,7.1,0.1,8.8,3.3,3.4,-0.3,4.4,7.1,1.7,1.1,1.1,1,1.2,1.6,1.1,1.4,-4.6,-4.6,-5.8,-5.1,0.6,-0.1,-5.3,-10.1,-2.4,0.8,-0.7,0.4,-9.3,0,0,-15.7,-6.2,0.7,1,1.4,0.1,-1,0.7,2.7,0.5,3.2,0.1,-2,-1,-1.4,0.5,-4.3,-12.8,-26,-0.5,-5.6,0.8,1,0,0.5,-0.1,4.2,27.5,-10.6,-6.4,3.4,7,-0.2,-2.8,-0.4,-0.7,8.1,2,5,-2.9,2.3,-1.2,0.7,-0.6,0.3,1.7,1.2,1.2,-0.6,-0.5,2.1,-11.4,-0.3,0.6,0,0.9,-2.1,-0.6,-6.2,-0.3,-0.3,0,0.5,-2.3,3.6,0.7,-1.4,-0.1,-0.1,0.7,-0.4,-1.5,-2.9,-7.3,0,-6,-0.9,-8.6,-2.9,0,-0.1,-0.1
  2020 Aug,-0.4,1.8,3.3,2.2,3.1,-1.6,0.6,1.6,5.7,2.6,-0.2,5.9,9.9,2.1,8.8,0.2,8.2,6.3,0.8,0.1,-6.2,0.4,5.2,2.4,0,4.5,1.5,3.4,0.6,4.6,1.2,3.6,-0.4,1.3,5.2,5.3,7.2,3,5.6,7.4,1.2,9.6,1.6,5.3,3.8,6,6.6,3,1.2,1.2,1,1.1,1.5,1,1.4,-3.3,-2.3,-4.1,-1.6,-1.9,1.3,-7,-8.4,-6.8,-1.4,-0.7,0.4,-9.6,0,0,-16.1,-6.2,0.3,0.2,0.6,0.8,-0.8,-0.7,2.3,0.3,1.4,0.1,-1.9,-0.8,-1.4,1.2,-4.3,-12.8,-26.1,-0.5,-5.6,0.9,0.9,0,-1.5,-2.3,0.4,23.6,-10,-6.3,3.4,7,-0.1,-3.7,-3.7,-4.2,9.2,1.9,5,4.8,1.7,-1.4,-0.1,0.8,-3,-0.4,0.3,1.2,-0.4,-0.6,2.1,-7.2,-0.1,0.6,0,1,-2.5,-0.9,-6.5,-0.7,-0.7,0,0.5,-2.6,2.7,0.7,-1.9,-0.7,-0.1,0.7,-1.5,-1.2,-2.7,-5.4,0,-7.2,-1,-10.3,-2.9,0,-0.6,-0.6
  2020 Jul,-0.4,2.2,4,3.2,3.7,0.9,2.4,2.8,7.9,2.7,0.7,7.2,10.2,5.8,13.7,1.5,9.7,7.3,0,-0.9,0.8,-1.6,5.1,3.4,0.3,5.5,4.5,3.2,1.1,4,4.4,5,4.8,1.9,5.2,3.5,7.8,4.7,6.4,7.1,0.4,8.9,3.2,4.5,0.9,5.7,7.9,2.8,1.3,1.3,1.3,1.3,1.8,1.1,1.4,-4.1,-2.9,-2.3,-3.2,-3.2,-1.1,-8.3,-8.1,-9.4,-3.4,-0.8,0.4,-10,0,0,-16.7,-6.7,0.2,0,-0.5,3.7,-0.2,-0.9,2.1,0.3,1.3,0.2,-1.9,-0.9,-1.5,1.1,-4.3,-12.8,-26.3,-0.4,-5.4,0.9,1.1,0,-1.4,-2.1,0.9,30.8,-10,-6.6,2.5,7,-2.3,-3.1,-3,-3.5,10.7,1.4,5,6.7,1.1,-2.3,-1.4,1.5,-9.7,-1.1,1.5,0.6,-0.8,-1,2.1,-13.5,-0.1,0.1,0,0.1,-3.3,-1.6,-7.7,-0.7,-0.7,0,0.5,-2.5,2.6,0.8,-1.7,-0.5,-0.1,0.5,-1,-1,-4.4,-2.3,0,-6.9,-1.4,-9.7,-2.9,0,-0.6,-0.6
  2020 Jun,-0.5,2.3,4.4,3,2.1,1.9,2.4,3.8,5.5,3.3,0.9,8.2,11.5,3.8,13.5,1.7,14.5,8.5,-0.2,-0.3,5,-3.6,3.5,4.1,0.5,6.3,5.6,8.7,3.1,10.9,4.1,3.4,5,2.5,5.7,2.3,7.8,7,8.3,7.5,2.3,9.1,3.6,6.9,2.7,11.3,8.2,1.6,1.3,1.4,1.6,1.2,1.5,1.1,2.2,-3.2,-3.4,-3.1,-3.6,-2.7,-0.5,-3.1,-5.2,-2.1,1.2,0.2,0.5,-2.5,0,0,-3.9,-3.8,0,-0.7,-0.6,-2.2,-0.5,-1.4,1.9,0.4,2,0.2,-1.7,-1,-1.5,0.5,-4.2,-12.8,-26.5,-0.2,-6,1.2,1.9,0,-3.1,-4.4,-2.2,10.4,-10.9,-6.3,2.4,7,-2.6,-3.2,-4,-4.5,9.9,0,5,-2.6,0.2,-2.9,-1.6,-0.3,-10.1,0.3,0.7,1,-0.3,-0.7,5.2,-13.7,-0.1,0.7,0,1.1,-4.7,-3.3,-8.2,-0.6,-0.6,0,0.5,-2.5,2.8,0.6,-1.9,-0.8,-0.1,0.9,-1.7,-1.4,-3.7,-4.8,-0.2,-6.9,-3.1,-8.9,-2.9,0,-0.8,-0.8
  2020 May,-0.8,2.2,4,3.2,4.1,0.6,2.1,3.8,5.4,2.7,4.5,9.1,12.3,6.5,17.2,2.6,14.5,8.7,0.1,-0.9,4.4,-2.1,5.6,4.2,0.6,6.8,4.5,6.8,1.8,8.8,1.5,-0.1,2.8,0.3,4.4,-1.9,6,9.6,9.3,7.7,3.7,8.9,4.8,5,1.5,7.7,6.8,1.1,1.4,1.6,1.6,1.2,1.4,1.2,2.2,-4.4,-5.3,-5.4,-4.5,-8.8,-2.2,-2,-2.7,-1.9,0.6,0.1,0.5,-3,0,0,-4.7,-4,-0.4,-1.4,-1.5,-4.2,1.1,-2.1,1.4,0.3,1.2,0.2,-1.9,-2.2,-2.6,-0.8,-4.2,-12.8,-26.3,-0.1,-5.9,1.3,1.7,0,-4.8,-6.8,-5.4,8,-12.6,-7.2,2.3,7,-2.7,-3.6,-3,-3.4,9,-0.5,5,-8.8,0.1,-2,-1.7,-0.9,-10.2,0.9,0.5,0.9,-0.3,-0.9,5.2,-10.5,0,0.8,0,1.4,-3,-2.1,-5.6,-0.6,-0.6,0,0.5,-2.5,2.8,0.6,-1.4,0.1,-0.1,0.9,-0.2,-0.8,-2.2,-2.3,-0.2,-7,-3.1,-9,-2.9,0,-1.1,-1.2
  2020 Apr,-0.7,2.1,3.5,2.3,5.4,-2.3,0.7,3,4.1,2,-0.9,7.3,10.3,5.7,15.1,1.6,9.6,7.5,2.2,3.9,2.2,-1.1,0.6,5,1.9,6.9,6.4,4.9,-0.6,7.1,0.2,6.2,-3.8,0.6,4.9,1.9,2.6,11.6,6.5,4.4,1.4,5.3,2.8,3,0,5.6,4.4,-0.3,1.5,1.7,1.6,1.3,1.7,1.2,2.2,-3.2,-3,-5.8,-1.3,-5.1,-0.9,-4.4,-5.8,-3.7,-1.2,0.1,0.5,-3.4,0,0,-5.6,-2.7,-0.2,-0.9,0.2,-0.2,0.2,-2.6,0.5,0.3,0.8,0.2,-1.8,-1,-1.2,-0.2,-4.4,-12.8,-26.2,-0.4,-6.4,1.2,1.8,0,-4,-5.5,-4.8,6.1,-8.2,-6,2.7,7,-1.8,-3.3,-5,-5.2,1.3,-0.6,5,-10.1,0.1,-2.8,-1.1,-0.1,-8.1,1.2,0.3,0.5,-0.3,-1,5.2,-10.1,0,0.9,0,1.4,-4.6,-2.1,-10.9,-0.6,-0.6,0,0.5,-2.4,2.8,0.6,-0.9,0.8,-0.1,0.9,0.9,-0.8,-1.5,-3.1,-0.2,-5.9,-2.9,-7.4,-2.9,0,-1,-1.1
  2020 Mar,0,1.5,1.6,2,3,-4.4,0.5,1.1,6.5,2.2,1.2,4.5,7.4,4.3,13.8,1.4,4.6,2.3,0.5,1.5,-0.3,-0.9,-1.1,-0.4,1.1,0.6,-6.3,-2,-0.9,-2.5,0.2,4.9,-2.4,-1.8,3.5,2.6,-0.3,8.2,4,-0.1,-0.3,-0.3,0.6,0.9,-0.5,3.7,0,-0.5,1.5,1.7,1.7,1.4,1.7,1.3,2.2,-2.8,-2.2,-3.5,-1.7,-1.8,0.1,-5.3,-5,-6.2,-0.8,-0.1,0.5,-4.1,0,0,-6.5,-4.3,0.5,-0.4,1.8,-0.2,0.3,-2.6,0.8,1,0.9,1,-1.8,-1.3,-1.9,0.4,-4.3,-12.8,-26.3,-0.3,-6.3,1.4,1.8,0,0.1,-0.3,0.5,6.1,-2.4,-1.2,2.5,7,-2.6,-1.7,-1.8,-1.9,0.1,-0.2,5,2.6,-0.4,-1.8,-1,-1,-9.8,2.6,0.4,2,-0.4,-1,6.9,-15.5,0,-0.2,0,-0.3,-2.8,-0.1,-9.6,-0.5,-0.5,0,0,-2.3,2.7,0.6,-0.2,1.2,-0.1,0.9,1.7,-1.4,-3.7,-5,-0.2,-2.9,0.5,-4.7,-2.9,0,-0.1,-0.2
  2020 Feb,0.3,1.6,1.8,1.8,5.5,0,0.1,1.8,1.8,1.7,0,3.2,4.7,5.1,10,1,1.8,2.4,0.6,0.4,0.6,1.6,0.3,-1.7,-0.8,-0.2,-7.7,-0.8,-1,-0.8,2,5.7,-0.2,0.6,3.8,3.6,2.1,6.2,3.5,4.3,3.9,5.1,1.7,3.3,-0.1,11,0.9,0.6,1.6,2,1.6,1.2,1.8,1.1,2.2,-2.7,-2.5,-3.6,-1.8,-3.6,-2.8,-3.3,-4.3,-2.7,-2.2,-0.2,0.4,-4.9,0,0,-8,-4.3,0.4,-0.3,1,0,0.2,-2,1,0.9,-0.2,1.1,-1.5,-2.2,-2.8,-0.3,-3.2,-9,-16.5,-0.5,-6.5,1.4,1.8,0,1.7,2.4,2.3,4.5,4.8,0.8,4.4,7,2.2,-2,-7.2,-7.3,-2.4,1.1,5,3.9,0.9,-1.5,-2.3,-1.9,-13.3,2,-0.2,1.9,0.3,-0.9,6.9,2.8,0,0,0,0,-2.3,-0.3,-7.2,-0.5,-0.6,0,0,-2.3,2.7,0.6,0,0.9,-0.1,0.9,1.1,-1.4,-4.9,-3.7,-0.2,-0.4,0.5,-0.9,-3.3,0,0.3,0.3
  2020 Jan,0.8,1.7,1.8,0.6,0.8,0.7,-0.7,-0.9,2.2,1.5,0.9,3,5.4,4.9,16.1,0.6,0.6,0.7,4,3.4,-4.5,10.9,-1.5,-0.7,-0.5,0.7,-5.4,-2.3,-2.9,-2.1,2.9,6,1.6,-0.2,4.1,5.6,4.5,3.6,2.1,-0.8,-0.6,-0.9,-0.4,-1.1,-2.8,0.7,-0.6,-1.3,1.6,2.1,2,1.2,1.8,1,2.9,-3.8,-4.9,-7.6,-4,-2.9,-2.5,-0.5,-1.3,0.5,-2.2,-0.4,0.3,-5.4,0,0,-8.5,-5.8,0.4,-0.3,1.3,0.4,0.7,-2.4,0.8,0.9,-1,1.2,-1.3,-3.5,-4.4,-0.7,-2.4,-6.3,-10.9,-0.3,-6.6,1.6,1.9,0,4.2,4.6,5.6,7.6,7.1,0.1,4.2,7,0.1,6.3,1.2,1.2,1.1,0.7,5,5.5,0.3,0.5,-1.8,-3.2,-9,1.8,-1.3,1.7,0.4,-0.9,6.9,3.7,0,-0.1,0,-0.1,1.2,3.5,-4.5,-0.6,-0.6,0,0,-2.4,2.6,0.6,-0.2,0.6,-0.1,0.9,0.8,-1.1,-3.6,-1.8,-0.4,-0.9,0.6,-1.6,-3.3,0,0.9,1
  2019 Dec,0.8,1.7,1.4,1.5,4.2,-0.5,0.8,0.7,2.3,1.6,-2.2,0.9,1.6,2.7,6.2,0.4,-0.6,0,2.3,2.8,-3.2,3.6,0.3,-0.5,-0.7,0.4,-3.1,0.1,0.8,-0.3,1.5,2.7,1.1,0,3.5,5,3.6,3,1.7,0.4,1.5,-0.4,2.7,1.5,-1.2,3.6,2.6,-1.1,1.8,2,2.3,1.5,na,na,6.3,-1.7,-2.2,-1.6,-2.6,-1.7,-3.4,0.1,-1.5,1.3,0,-1.1,-0.1,-7.6,0,0,-12.5,-4.9,0.6,-0.6,0.6,2.7,0,-2.4,-0.3,1.3,-1.1,1.7,-0.6,-1.6,-2.5,1.5,-1.6,-6.2,-10.2,1.1,-6.3,1.8,1.7,0.1,3.1,3.3,4.1,0.5,6.2,0.5,3.3,4.9,1.4,1.2,-1,-1.1,1.7,1.2,-0.6,4.4,1,0.1,-2.7,-1.9,-11.9,0.1,-0.5,1.7,0.7,0.7,4.4,-1.5,-0.4,-0.1,0.2,-0.4,0.1,0.9,-1.5,2.3,2.3,0,-0.2,1.9,3.9,-0.1,0.3,0.8,1.4,0.9,0.5,-0.6,-1.7,-1.1,-0.2,0,1.4,-0.5,-0.1,0,0.9,1
  2019 Nov,0.6,1.6,1.3,1.4,4.1,-2.2,0,0.1,1.9,1.7,0,0.8,-0.1,3.1,6.5,1.1,-1,1.3,1.4,1.5,-1.2,1,1.8,0.2,0.2,0.1,0.9,-1.9,-0.6,-2.6,2.2,5.1,1.2,-1,2.2,1.9,2.5,3.4,1,1.4,2,1.2,2.2,2.2,-1.1,7.9,0.8,-0.9,1.7,1.9,2.3,1.5,na,na,6.3,-1.1,-1.6,-2.6,-0.8,-3.3,-0.7,0.5,-1.3,2.1,0,-1.3,-0.3,-7.9,0,0,-13,-4.9,0.5,-0.8,1,2.7,-0.5,-2.6,-1.1,1.3,-0.7,1.7,0.1,0.9,1,0.5,-1.4,-5.6,-9.6,1.2,-6.3,1.9,1.9,0.1,2.2,2.5,4.3,14.2,0.9,0.8,2.5,4.4,0,0.7,-1.4,-1.4,-1.6,0.8,-0.4,2.3,0.6,0.9,-0.9,2.8,-11.1,2.5,0,1.7,0.8,0.8,4.4,0.4,-0.4,0.2,0.2,0.2,1.6,2.3,-0.9,2.1,2.1,0,-0.2,1.9,3.1,-0.1,0.3,0.7,1.4,0.9,0.4,-0.7,-3.4,-0.4,-0.2,0.4,1.3,0,-0.1,0,0.8,0.9
  2019 Oct,0.5,1.6,1.4,0.8,3.6,-1.1,-0.3,-0.1,1,0.7,-0.1,0.8,0,3.8,5.6,0.6,-0.7,1.4,2.4,2.7,-1.8,4.5,-0.3,0.7,0.3,-0.1,4.4,0.4,1.8,-0.3,2.3,6.6,0.1,-1.2,2.2,2.7,1.6,2.5,1.6,-0.1,2.2,-0.5,0.2,1.9,-0.2,6.2,0.2,-0.4,1.7,1.9,1.9,1.5,na,na,6.3,-1.9,-1.4,-0.5,-1.3,-4.5,-1.3,-3.3,-1.7,-5.2,0.1,-1.3,-0.1,-8.4,0,0,-13.9,-3.8,0.2,-1.9,-2.1,2.7,-2.2,-2.5,-1.4,1.4,-0.1,1.7,1,-0.9,-1.4,0.5,1.5,0.4,1.8,2,0.1,1.9,1.8,0.1,1.6,1.6,5,-1.2,-3.3,0.2,2.3,4.4,-0.5,0.5,0.7,0.7,0.8,-0.9,0.1,-6.9,-0.8,0.6,-0.9,2.3,-10.9,3.5,0.6,1.2,1.4,1.8,6,0.9,-0.4,0.1,0.2,0,0.6,1.9,-3.6,2,2,0,-0.2,1.9,2.8,-0.1,0.2,0.9,1.4,0.9,0.8,-1.1,-3.9,-2.8,-0.3,0.1,0.4,-0.1,-0.1,0,0.7,0.7
  2019 Sep,0.4,1.5,1.1,1.3,4.2,-3.4,0,0,1.1,1.4,1.6,0.5,-0.3,3.8,8.1,0.2,-1.7,0.8,1.5,1.2,-2.1,2.7,1.4,0.5,0.6,-0.3,3.7,1.9,2,1.9,1.6,3.6,0.6,0.2,1.4,1.1,1,3,1,-0.8,-0.1,-0.9,-0.9,2.1,1.1,5.9,-0.6,-0.1,1.7,1.8,1.8,1.6,na,na,4.4,-1.1,-0.7,-1.4,0.6,-5.6,-1.5,-2,2.3,-5.7,0.1,-1.3,-0.6,-5.5,0,0,-9.6,-0.6,0.4,-1.1,-1.5,2.5,-1.5,-1.8,-0.3,1.3,-1.1,1.8,1.2,-1.2,-1.5,-0.4,1.8,1,2.9,2.3,0.3,2.1,2.3,0.1,0.8,0.7,2.7,-3.8,-2.3,0.5,2.2,4.4,-0.5,0.3,-0.6,-0.7,0.7,-1.1,0.1,-5.1,-0.9,0.5,-1.8,0.9,-11.8,3,-0.3,0.5,1.7,1.7,6,3.9,0.1,0.2,0.2,0.2,0.7,1.8,-3.1,2,2,0,-0.2,1.9,2.8,-0.9,0.1,0.3,1.5,0.5,-0.1,-0.2,0,-0.1,-0.3,0.1,1,0,0,0,0.6,0.6
  2019 Aug,0.4,1.6,1.2,1.2,2.4,-0.8,0.5,-0.3,2.2,1.2,1.4,1,0.7,4,6.8,1.4,-2.1,0.8,1.9,0.8,0.4,5.5,1.5,0.9,0.6,0.5,3.6,-1.3,1.1,-2.1,1.5,0.3,2.7,0.1,2.7,3.7,3.6,3.1,0.7,-1,0.1,-1.8,1.4,0.3,-3,4.3,0.3,-0.4,1.7,1.9,1.8,1.6,na,na,4.4,-3.5,-4.2,-3.8,-4.6,-3.4,-1.7,-1.5,0.2,-3.6,2.5,-1.4,-0.7,-5.2,0,0,-9.1,-0.3,0.7,-0.6,-0.2,2.2,-1.8,-1.4,0,1.5,-1,2,0.9,-2.9,-3.5,-1,2,1,3.2,2.2,1.2,2.1,2.4,0.1,1.2,1,2.2,-8.4,-1.5,0.9,2,4.4,-1.3,1,1.7,1.8,-0.4,-0.5,0.1,-17.1,0.5,0.5,-1.8,0.3,-12,4.3,0.7,0,1.1,1,6,-0.8,-0.1,0.1,0.2,0.1,1.2,1.7,-0.6,2.2,2.2,0,-0.2,2.2,2.8,-0.9,0.2,0.6,1.5,0.5,0.2,-0.4,-2.1,0.3,-0.3,0.1,1.1,-0.2,0,0,0.7,0.7
  2019 Jul,0.2,1.3,0.5,0.7,1.8,-2.5,-0.2,-1,0.5,1.4,1.3,-0.6,-1,-2.6,5.6,-0.2,-2.7,0.6,0.1,-0.3,-2.8,0.5,0.9,0.1,0.2,-0.4,2.3,-1.9,0.4,-2.6,0.6,1.2,0.4,-0.6,2.9,2.8,6.5,2.5,1.1,0,-1.7,-0.1,1.7,2,-0.1,5.3,1,-0.3,1.7,1.9,1.5,1.5,na,na,4.4,-2.9,-3.6,-7.3,-1.7,-4.3,-2.4,-0.7,-1,-1,3.2,-1.3,-0.6,-4.6,0,0,-8.3,1.5,0.7,-0.8,0.6,-2.1,-2.4,-1.5,-0.1,1.6,0,2,1.1,-2.1,-2.8,0.3,2,1,3.3,2.2,1.1,2.2,2.3,0.1,0.4,-0.1,1.2,-23.4,-1.1,0.6,2.2,4.4,-0.7,0.3,1.3,1.4,-1.4,-2.6,0.1,-18.3,-1.6,0.9,-2,-0.8,-11.4,4.8,-1.4,0.8,1.4,1.5,6,0.9,-0.1,0.3,0.2,0.5,1.8,2.3,0.1,2.3,2.4,0,-0.2,2.1,3.4,-0.9,0.4,0.9,1.5,0.5,0.9,-0.6,-1,-2.4,-0.3,0.4,1.4,0.2,0,-0.2,0.5,0.5
  2019 Jun,0.5,1.4,0.8,1.1,5.1,2.2,0,-1.3,0,0.8,1.8,-0.5,-1,-2,3.9,-0.3,-2.3,0.9,1.4,1.3,-0.6,1.4,2.3,-0.2,0,-0.4,1.1,-0.5,-0.6,-0.5,0.1,0.4,-0.4,-0.4,3.2,3.9,7.1,1.7,1,-1,-2.4,-1,-0.1,2.3,2.3,3.4,0.9,-0.3,1.7,1.8,1.5,1.6,na,na,4.9,-0.7,-1.2,-3.1,-0.8,1.2,0.1,1,5.4,-3.1,5,-0.9,-1.2,0.7,14.7,0,-5.7,0.6,1.1,-0.1,1.5,-1.9,-1.4,-1.2,1,1.8,0.3,2,1,-1.9,-2.3,-0.2,2.1,1,3.3,2.3,1.3,2.1,1.6,0.1,0.4,0,0.9,-28.6,-0.5,0.7,1.9,4.4,-1.1,-0.2,-0.1,-0.1,-0.9,-1.9,0.1,-18.4,-0.9,1.6,-1.1,1.2,-11.7,6.5,-0.5,1,1.4,1.3,2.9,1.7,0.8,0.2,-0.1,0.4,2.6,3.5,-0.5,2.5,2.5,0,-0.2,2.4,3.5,-0.4,0.4,1.1,1.5,-0.6,1.6,-0.5,-2.1,-1.5,0,-0.3,0.3,-0.4,0.5,-0.2,0.9,0.9
  2019 May,0.9,1.5,1.2,1,4,3.8,-0.2,-1,1.7,0.9,-0.2,-0.7,-0.2,-2.6,1.9,-1,-3,0.6,1.8,2.2,-3,2.1,1,-0.3,-0.9,-0.6,3.2,2.1,0.3,2.6,2,4.5,0.5,0.2,3.8,5.1,8,1.7,0.5,0.2,-3.2,0.4,1.4,1.1,1.4,1.4,0.3,0.2,1.7,1.7,1.6,1.6,na,na,4.9,-0.7,-1.3,-2.2,-0.9,-1,-0.5,1.4,2.8,0.1,2.8,-0.8,-1.1,1.2,14.7,0,-4.8,0.6,1.2,0.4,2.2,1.7,-3,-0.8,0.6,1.7,-0.3,2.1,1.5,0.3,0.2,0.7,2.1,1,3.3,2.3,1.2,2.1,1.7,0.1,1.8,1.8,2.8,-28.1,1.9,0.7,2.4,4.4,-0.3,0.9,1.3,1.3,1,-1.4,0.1,-13.1,-0.8,1.6,-0.5,0.1,-6.8,4.6,-0.7,1,1.5,1.5,2.9,2.4,0.7,0.1,-0.1,0.3,2.8,3.7,0.3,2.5,2.6,0,-0.2,2.4,3.5,-0.4,0.3,0.8,1.5,-0.6,1.1,-0.5,-1.5,-1.1,-0.2,0,0.3,0.1,0.5,-0.2,1.4,1.4
  2019 Apr,0.9,1.5,1.2,2.1,3.7,1.8,2.5,-1.8,1.8,2.2,2.1,-0.5,-0.6,-2.2,4.1,-0.4,0.5,-0.7,1.3,1.3,-2.1,1.6,1.5,-0.6,-1.1,-1.6,5.2,0.2,-2.6,1.5,1.9,4.1,0.4,0.6,3.6,5.4,8.2,0.3,0.7,-2.2,-1.5,-3.2,2.3,1.4,3.2,0.3,0.6,2.4,1.6,1.6,1.6,1.6,na,na,4.9,-1.1,-1.9,-0.9,-2.4,-1.8,2.1,0.7,1.6,-0.7,3.8,-0.7,-1.1,2,14.7,0,-3.5,1.1,1.5,0.8,2.2,2,-2,-0.4,1.8,1.9,0.7,2.1,1.4,-0.1,-0.1,0.2,2.2,1,2.9,2.4,1.9,2,1.6,0.1,1.8,1.7,2.5,-26.6,2.5,0.4,2.4,4.4,-0.1,0.6,1.5,1.5,1.4,-0.1,0.1,-9.3,0.2,2.1,-1.3,0.2,-8,2.3,-1.1,0.5,1.6,1.9,2.9,2.1,0.7,0,-0.1,0.1,4,3.6,4,2.5,2.5,0,-0.2,2.3,3.5,-0.4,-0.1,0.6,1.5,-0.6,0.9,-0.8,-2.5,-2.5,-0.2,-1.9,0.1,-2.4,0.5,-0.2,1.5,1.5
  2019 Mar,0.7,1.7,1.5,1.6,4.6,0,1.7,-2,-1.1,1.9,1.5,0.8,-0.2,-0.8,5.8,-0.5,5.1,1.5,1.7,3,-3.5,-2,3,1,0,-0.9,9.9,1.7,0.9,1.8,3.8,5.9,2.5,1.8,1,2.6,0.7,-0.7,0.8,0.4,0.6,-0.6,4.9,0.8,1.8,0.6,0.1,1.4,1.8,1.8,1.3,1.9,na,na,4.1,0.7,0.6,-1,2,-2.8,-1.8,1.6,3,-0.4,6.6,-0.5,-1.6,6.7,14.7,0,4,3.5,0.7,-0.1,0.3,2,-1.9,-0.6,0.5,1.1,0.2,1.3,1.8,-0.7,-0.8,0.1,2.6,1,3,3.2,1.8,2.2,2.7,0.1,-0.5,-1.4,-2.7,-28.8,1.1,1.1,3.2,4.4,1.9,-0.2,-0.5,-0.6,2.9,-0.3,0.1,-9.3,0.1,2,-1.6,1.2,-8.4,0.2,0.4,0.1,1.5,1.7,1.2,4.5,0.7,0.3,0,0.6,3.9,3.1,5.6,2.6,2.6,0,-0.2,2.4,3.7,-0.4,-0.2,0.5,1.5,-0.6,0.6,-0.4,-2.1,0.6,-0.3,-2.1,-2.3,-2.1,0.5,-0.1,1.2,1.2
  2019 Feb,0.5,1.5,0.9,2.7,5.3,0.3,3.5,-0.5,2.1,1.9,2.5,-0.3,-1,-2.8,6.7,-1,3.2,-0.4,-2,-2.3,0.9,-5.7,2.2,1.5,-0.2,1,8.4,3.5,3.6,3.5,4.1,4.7,4.5,1.1,0.3,1.9,-2.7,-1.6,2,0.2,-1.3,-0.4,3.1,1.5,2.7,-0.5,1.2,2,1.8,1.5,1.1,2,na,na,4.1,1.7,1,1.1,1,0.3,1.2,4.2,3.2,4.1,10,-0.6,-1.9,7.7,14.7,0,5.9,3.2,1,0,0.8,1.8,-1,-1.4,1.7,1.5,1.4,1.5,1.9,-0.2,-0.2,0.1,2.7,1,3.2,3.3,1.9,2.2,2.7,0.1,-1.4,-2.9,-4.7,-29.2,-1.1,0.7,2.5,4.4,0.3,0.2,1.4,1.3,3.1,-1.8,0.1,-11.7,-1.3,1.2,-1.6,-3.2,-2.6,-0.4,1.2,-0.3,1.5,1.8,1.2,2.7,0.7,0.2,0,0.4,2.3,1.7,3.8,2.6,2.6,0,-0.2,2.4,3.7,-0.4,1.3,0.8,1.5,-0.3,1,5.3,-0.4,-0.1,7.1,-1.6,-2.3,-1.4,0.5,0,1,1
  2019 Jan,0.4,1.6,1.3,2.9,4.3,0.5,5.1,-0.8,1.9,2.2,1.1,-0.5,-0.4,-3.7,-1.2,-0.5,0.2,0.4,2.7,3.6,3.5,0.5,1.8,1.9,0.7,1.2,8.5,3.5,1.3,4.3,3.1,5,2.2,1.4,-2.5,-5.2,-2.2,-2.2,0.6,0.5,-0.5,-0.5,5,1.7,2.3,0.7,1.7,2.2,1.8,1.7,0.3,1.9,na,na,3.4,3.1,2.9,4.7,3,-1.4,2.8,3.6,2.8,3.8,7.6,-0.6,-1.9,8.4,14.7,0,6.8,5.2,0.8,-0.1,-0.4,1.8,-1.5,-0.2,0.9,1.2,0.5,1.4,2,-0.6,-1,1.1,2.7,1,3.5,3.2,2,2.2,3,0.1,-2.2,-4.3,-7.2,-30.5,-1.4,0.7,2.8,4.4,0.9,-0.4,4.7,4.8,1.7,-2.3,0.1,-18.6,-1.5,1,-1.6,-1,-6.2,-1.4,3.4,0.5,1.4,1.7,1.2,2.9,0.7,0.4,0,0.7,2.1,2.1,2.4,3.2,3.2,0,-0.2,3.1,4.1,-0.4,1.3,0.5,1.5,-0.3,0.5,6.1,-2.7,-0.8,8.9,-1.9,-2.5,-1.7,0.5,0,0.9,0.9
  2018 Dec,0.5,1.4,1.3,2.4,3.5,2.2,3.3,-0.9,2.9,1.7,2,-0.7,-0.2,-3.6,4.7,-0.5,-3.6,0.3,1.9,2,0.5,1,2.8,2.2,0.8,2,8.1,4,7.3,2.5,2.2,5,0.3,1.1,-0.1,-1,2,-1.9,1,1.4,-4,1.7,3.2,0.6,2.1,0.4,-0.7,1.5,1.4,1.6,-0.4,1.5,na,na,0.9,2.6,2.6,4.3,2.6,-1.1,3.5,2.4,3.1,1.4,5.6,0.1,-1.9,13.7,14.7,0,16.3,5.5,0.8,0.6,0.6,0.3,-1.3,0.8,1.7,1,0.7,1,1.6,-1.2,-1.1,-1.7,2,0.9,2.8,1.9,1.8,1.9,3.3,0.1,-2.6,-3.7,-7.8,-23.8,0.9,0.5,-0.8,-1.6,0,1.2,2.7,2.6,3.1,-2.7,0,-15.5,-2.1,1.7,-0.8,-0.6,-2.8,-0.7,1.4,0.2,1.1,0.7,3.2,2.3,0.7,0.1,-0.3,0.4,3.2,2.8,4.8,3.2,3.2,0,-0.4,3.7,3.2,-0.3,1.4,0.8,0,-0.2,1.5,5.9,-3.5,-0.4,8.7,-1.9,-3.5,-1.5,1.9,0,1.1,1.1
  2018 Nov,0.3,1.4,1.3,1.6,2.4,-2.5,2.9,-0.4,0.6,1.2,1.1,-0.5,-0.1,-2.6,4.9,-1.4,0.3,-0.4,2.4,2.7,2,2.2,1.8,2,0.4,2.5,5.8,4.3,6.1,3.4,3.2,4.5,2.7,1.5,0,-0.4,1.5,-1.9,0.9,-1.4,-2.4,-1.9,1.4,-0.3,2.1,-3,0,2.1,1.5,1.8,0.1,1.5,na,na,0.9,0.8,0.6,-0.9,1.3,0.5,0.4,1.9,4.9,-0.5,2,0,-2.1,14.2,14.7,0,17.2,5.5,0.7,0.1,1,1.1,-2,-0.7,1.2,1.1,0.4,1.2,1.6,-1.1,-1.2,-0.6,1.8,0.3,2.1,1.9,1.9,1.8,3.3,0.1,-2.8,-3.6,-9,-25.4,3.8,0.5,-1,-2.2,0,1.9,1.5,1.4,3.6,-3,0,-13.9,-2.5,0.9,-1.6,-4.1,-2,-1.6,1.3,0.3,1,0.4,3.2,2.6,0.7,0,-0.2,0.2,1.9,1.6,2.9,3.2,3.2,0,-0.4,3.7,3.2,-0.3,1.4,0.8,0,-0.2,1.5,5.8,-1.7,-3.4,8.7,-2.3,-3.4,-2,1.9,0,0.9,0.9
  2018 Oct,0.7,1.4,1.2,1.8,2,1.1,2.2,-0.4,1,2.2,1.3,-0.4,0.2,-3.7,4.7,-1,-0.3,-0.4,2.6,2.7,6.4,1.6,3,1.8,-0.1,2.9,4.5,2.7,5.2,1.5,2.8,1.3,4.3,2.2,-1.6,-2.7,-1.1,-0.9,-1.1,1.6,-1.8,1.4,4.6,1.1,2,-1.1,2.2,1.7,1.5,1.8,0.2,1.5,na,na,0.9,1.2,0.3,-1.1,0.5,2.7,1,4.4,5.9,3.7,2.3,-0.2,-2.5,15.1,14.7,0,18.9,4.3,0.9,0.5,1.4,1.1,-0.5,-0.7,1.3,1.1,0.8,1.2,1.8,-0.7,-0.7,-0.4,1.9,0,2.1,2,1.8,1.8,3.5,0.1,-0.5,-0.6,-6.5,-9.5,9.8,1.3,-1.1,-2.2,0,1.5,1.2,1.2,1.6,-1.2,0,-4.1,-1,1,-1.8,-4.3,-1.9,-3,1.4,0.5,0.2,-1,1.7,3.8,0.7,0,-0.2,0.2,2.8,2.5,4.1,3.2,3.2,0,-0.4,3.7,3.2,-0.3,1.1,0.3,0,-0.2,0.6,6.1,-2.3,-0.6,8.8,-2.6,-2.4,-2.6,1.9,0.1,1.5,1.5
  2018 Sep,0.7,1.6,1.6,2.9,4.8,3.9,2.3,0.8,4.1,3.3,0.1,-0.3,-0.1,-2.8,1.7,-0.6,0.1,0.2,2.5,3,1.3,1.5,1.9,1.5,0.2,2.4,2.4,0.7,4.7,-1.3,3.3,2.7,4.6,0.2,-1.1,-1.6,-1.6,-1.4,-0.2,1.7,-1.9,1.6,4.1,2.2,4.7,0.4,1.7,2.1,1.7,2,0.2,1.6,na,na,1.7,1.8,1.2,0.2,1.2,3.4,-0.3,4.3,1.2,7.5,2.3,-0.5,-2.5,12.7,14.7,0,14.2,6.3,0.8,-0.1,1.2,1.3,-2,-0.9,-0.2,1.3,0.7,1.4,2,0.1,0.3,-0.8,1.9,0,2,2.4,1.8,1.4,3.5,0.1,-0.1,-0.1,-5,-10.6,9,1.3,-1.1,-2.2,0,1.6,1.8,1.8,0.9,-1.6,0,-10.6,-1.2,1.2,-1.5,-5,-0.1,-3.3,2.2,1.1,0.7,0.3,1.7,-0.2,1,0.2,-0.1,0.3,2.7,2.5,3.4,2.9,2.9,0,-0.4,3.7,2.3,-0.3,1.1,0,-0.1,-0.7,0.3,5.8,-2.8,-2.1,8.8,-1,-2.8,-0.6,1.9,-0.1,1.5,1.6
  2018 Aug,0.7,1.7,1.7,2.3,3.3,-3.2,2.4,1.2,2.1,2.5,1.3,-0.8,-0.9,-4.7,0.2,-1.5,-0.5,1.2,2.5,3.1,5.4,0.8,2.4,1.4,-0.3,2,5.8,3.9,8.1,1.8,3.4,5.7,2.5,0.2,0.4,1.7,-0.5,-1.1,0.7,3.3,-2.2,4.3,2.1,2.3,5,0.3,1.5,1.7,1.6,1.9,0.4,1.6,na,na,1.7,2.8,2.9,5,2,3.2,0.4,2.9,-0.3,5.7,2.7,-0.6,-2.6,12.7,14.7,0,14.2,6.5,0.7,-0.2,0.8,0.3,-2,-0.9,0.4,1.3,1.2,1.3,2,0.8,1.1,-0.6,1.8,0,1.9,2.4,1.2,1.4,3.5,0.1,-0.2,-0.2,-5.2,5.7,8.6,0.9,-1.1,-2.2,0,1.6,1.8,1.8,1.7,-1.5,0,-2.9,-1.4,1.6,-0.3,-3.6,3.4,-1.9,0.2,0.5,1.4,1.3,1.7,3.4,1,0.2,-0.1,0.4,2.7,2.5,3.3,2.4,2.5,0,-0.4,2.9,2.3,-0.3,1.1,0,-0.1,-0.7,0.3,6.1,-0.6,-2.3,8.8,-1.3,-2.8,-1,1.9,-0.1,1.6,1.6
  2018 Jul,0.6,1.5,1.5,1.5,2.8,-2.6,2.3,-0.5,-1.1,2.4,-0.2,0.6,0.7,2.6,0,-0.4,-0.1,1.6,2.8,2.9,0.7,3.5,2.3,1.3,-0.5,2.8,2.5,3.1,8.8,0.3,2.6,3.7,2.4,0.7,-0.2,1.2,-0.4,-2.1,-0.1,1.6,2.5,1.6,1.2,1.5,3,0.8,0.9,1.2,1.5,1.7,0.6,1.5,na,na,1.7,2.3,2.2,3.2,1.5,3.3,1.1,2.7,1.4,3.8,3.5,-1,-3,12.5,14.7,0,14.2,4.4,0.5,-0.6,0.1,0.3,-2.7,-1.1,0.4,1.1,0.8,1.2,2,0.3,0.6,-0.8,1.7,0.5,1.7,2.2,1.1,1.3,3.7,0.1,-0.3,-0.2,-5.7,3.6,9.5,1.1,-1.1,-2.2,0,1.6,0.9,0.9,0.6,0.2,0,-8,0.7,1.7,0.1,-3.9,3.5,-1,2.4,0.9,1.2,1,1.7,3.4,1,0.1,-0.1,0.2,2.8,2.7,3.4,2.4,2.4,0,-0.4,3.2,1.7,-0.3,0.9,-0.6,-0.1,-0.7,-0.8,6.2,-1.3,-0.3,8.8,-1.2,-2.8,-0.8,2.2,0.1,1.5,1.6
  2018 Jun,0.6,1.5,1.6,2.1,2.2,-0.8,2.4,0.9,2.9,2.4,0.7,0.5,0.9,2.9,0.1,-0.1,-1.9,1.2,3.5,4.3,-1.2,3.1,2.1,1.8,0.3,3.6,0.5,4.1,9.4,1.5,1.2,4.1,-0.6,-0.3,-1.5,0,-2.5,-3.6,-0.9,2.7,3.9,2.2,4.1,1.4,-0.1,3.1,1.3,3.4,1.5,1.7,0.1,1.6,na,na,0.3,1.5,0.9,0.8,1.1,0.1,0.5,3.7,1.7,5.8,1.8,-1.8,-3,6.3,15.1,0,3.5,4.5,0.9,-0.3,-0.4,1.1,-1.6,-1,2,1.6,1.2,1.7,2.4,1.1,1.5,-0.4,1.9,1,1.9,2.4,1.2,1.5,4.1,0.1,0.3,0.4,-4.1,7.4,9,0.7,-1,-2.2,0,1.9,2.4,2.5,0.6,0.2,0,-5.4,0.5,1.4,-0.1,-3.8,4.1,-3.1,1.9,1.2,1,0.9,1.7,3.2,0.6,0.1,0,0.1,2.4,1.9,4.3,2.9,2.9,0,-0.4,3.8,2.1,0.3,1.2,-0.2,0,0.1,-0.4,5.7,-2.9,-3,8.8,0.1,-1.7,0.5,1.7,0.1,1.5,1.5
  2018 May,0.4,1.3,0.9,1,1.3,-7,2.7,1.1,-2.5,1.8,-1.5,0.1,0.2,1.7,-0.2,-0.4,-1.8,1.1,1.8,2.2,4.6,-0.1,2.3,1.3,0.8,2,0.3,3.4,6.7,1.8,1.4,4.1,-0.3,0.2,-1.1,0.2,-0.8,-3.7,-1,0.3,3.1,-0.1,0.4,1.3,-0.3,2.8,1.5,2.3,1.6,1.7,0.1,1.6,na,na,0.3,0.6,0.4,1,0.2,0.2,0.3,1.3,0.9,2,0.2,-2,-3.2,6.3,15.1,0,3.5,4.5,0.8,-0.7,-1.4,1.7,-0.6,-0.7,0.2,1.7,1.2,1.7,2.3,0.6,1.1,-1.3,2,1,1.8,2.7,1.2,1.4,4.3,0.1,0,0.1,-4.6,9.1,8,1.3,-1.1,-2.2,0,1.6,2.4,2.5,0.9,-0.8,0,-3.3,-0.7,1.2,-0.2,0,2.1,-5.3,2.8,1.1,0.9,0.2,1.7,6.4,0.7,0.1,0,0.1,2.1,2.1,2.3,2.9,3,0,-0.4,3.8,2.3,0.3,1.1,-0.2,0,0.1,-0.4,5.7,-2.9,-4,8.9,-0.4,-1.9,0,1.7,0.1,1.2,1.3
  2018 Apr,0.1,1.4,1,0.5,-1.6,-3.7,0.1,1.7,3.1,1.4,-1.2,0.3,0.7,1.8,-0.6,0,-2.2,0.9,1.9,2.2,3,0.1,2.9,0.7,0.4,1.5,-1.1,4.5,10.7,1.5,1.1,1.2,1.3,0.2,0,0.5,-0.8,0.4,-0.4,2.5,3.6,2.9,0.1,2.1,0.2,5.4,0.9,0.8,1.6,1.7,0.1,1.7,na,na,0.3,0.8,0.7,0.2,1,0.3,-2,1.9,0.7,3.7,-1.4,-2.3,-3.6,6.3,15.1,0,3.5,4.3,0.7,-1,-1.6,1.4,-0.5,-1.4,0.6,1.7,0.4,1.9,2,-0.6,-0.5,-0.6,1.6,1,2,1.8,0.9,1.4,4.3,0.9,-0.7,-0.8,-5.2,0.7,6,1.3,-1.1,-2.2,0,1,0.6,0.6,1.9,-1.3,0,-1.9,-1.3,0.7,-0.5,-2.3,2.2,-4.2,1.7,1.7,0.8,-0.1,1.7,7.4,0.6,0.1,0,0.1,1.1,0.6,3.1,2.9,3,0,-0.4,3.8,2.3,0.3,0.5,-1.5,0,0.2,-2.8,5.9,-2.8,-2.6,9,-0.2,-1.9,0.2,1.7,0.1,0.9,1
  2018 Mar,0.2,1.4,1.3,0.7,-1.5,-1.8,0.8,1.7,2.1,1.6,-1.2,-0.4,0.1,1.5,-1.1,-0.4,-4.8,0.8,2.9,2.1,1.5,5.2,2.8,1.2,-0.7,3.4,-0.4,3.6,6.2,2.3,2,2.1,2.5,0.4,1.3,0.5,4.2,1.9,-0.2,1.9,2.4,2.3,-0.3,1.2,-0.3,1.8,2.1,1.6,1.4,1.6,0.1,1.5,na,na,1,1.2,0.8,0.6,0.9,0.6,1.9,2.4,2.5,3.5,-4,-2,-3.4,8.1,15.1,0,6.8,3.1,0.7,-1.3,-1.2,-0.6,-2,-2.3,0.6,1.9,0.5,2.1,2.1,0.3,0.2,0.8,1.7,1,2.1,1.3,1.8,2.2,4,0.9,-0.5,-0.6,-3.7,0.9,4.9,0.3,-1.1,-2.2,0,1.8,1.5,1.6,1.3,-0.3,0,-2.5,-0.1,0.6,0.5,-2.2,3.3,-1.3,2.3,1.4,1.2,1.4,1.7,2.8,0.6,-0.2,0,-0.2,0.2,0,1.3,3,3,0,0.1,3.9,2.2,0.3,1,-0.9,0,0.2,-1.6,6.4,-0.9,-3.3,9.3,0,0.5,-0.1,1.7,0.1,1.2,1.2
  2018 Feb,0.5,1.5,1.5,-0.1,-3.3,-6.6,-0.5,0.4,2.5,1.8,-1.8,0.4,0.8,2.7,-0.9,0.4,-3.9,1.7,7.3,8.2,2.6,9.4,2.6,2.2,1.8,3.3,0,2.9,7.6,0.7,-0.6,1.5,-2.5,0,0,-2.5,6.1,1,-1.9,0.7,1.1,0.7,0.3,-0.1,-0.3,-1.7,1.6,0.6,1.5,1.7,0.6,1.4,na,na,1,0.7,0.1,-1.1,0.5,0.6,3.7,2.2,1,4.3,-4,-2.1,-3.6,8.2,15.1,0,6.8,3.9,0.8,-0.8,-0.7,-0.6,-1.2,-1.7,1.2,1.7,-0.9,2.2,2.5,1.5,1.6,1.3,1.7,1,2.1,1.2,1.7,2.4,4.1,0.9,0.6,0.6,-1.5,12.5,4.4,0.6,-0.9,-2.2,0,3.5,4.5,4.7,0.3,-0.1,0,-5.9,0.3,1.6,0.7,-0.3,1.6,0,0,1.8,1.2,1.3,1.7,3.7,0.6,-0.1,0,-0.1,2.5,2.3,3.4,2.9,3,0,0.1,3.9,2.2,0.3,0.4,0,0.3,-0.2,-0.1,0.6,-1.6,-5.1,2,1.5,0.5,1.7,1.7,0,1.5,1.6
  2018 Jan,0,1.1,0.7,0.3,0.7,-1.7,-1.2,0.6,1.8,1.3,-2,0.1,-0.6,2.3,0.1,0.2,-1.5,1.2,-0.8,-1,0.8,-3.9,3.3,1.6,1.3,2.6,-0.6,3,8.6,0.4,0.8,2.4,-0.3,0.4,2.3,3.5,5.6,1.8,-0.8,1.2,2.3,1.4,-0.7,0.4,0,-0.3,1.5,1.5,1.4,1.2,1.2,1.5,na,na,2.2,1,0.7,-2.1,1,5.8,-0.3,2.4,1.3,3.4,3.6,-3.6,-5.3,8.4,15.1,0,6.8,6.4,1.2,-0.7,0,-0.6,-2.1,-1.5,0.6,2.3,0.3,2.7,2.3,1.1,1.3,0.6,1.6,1,1.8,1.2,1.5,2.2,3.8,1.4,0.7,1.6,-1.2,16,6.3,2.1,-1.2,-2.2,0,0.1,-3,-3.2,0.8,0,0,1.7,-0.1,0.8,0.6,0.7,0.7,0.5,-0.7,1,2.6,1.5,1.7,3.6,4.2,-0.1,0,-0.1,-0.2,-0.5,0.9,2.8,2.8,0,0.1,3.8,1.8,0.3,0.5,0.3,0.3,-0.2,0.4,0.1,1.6,-4.9,0.6,2.6,0.7,3,1.8,-0.1,1,1.4
  2017 Dec,0.4,1.4,1.2,0.4,-0.7,-2.1,-0.3,0.2,1.1,1.9,-0.9,1,0.2,4,0,0.3,3.1,1.1,2.3,2.1,5.6,4.2,0.7,0.8,0.4,1.8,-1.7,2.2,5.3,0.8,2.4,3.4,2.4,0,0,-0.7,-0.2,2.7,-0.9,3.7,8.5,3.7,1.3,0.9,-1,0.6,3.2,1,1.5,1.3,1.5,1.6,na,na,1.3,-0.2,-1,-3.3,-0.5,1.5,1.7,2.3,2.9,2.3,0,-2.3,-3.8,8.9,15.1,10.2,6.1,7.7,1.1,-1.3,-0.9,-1.5,-1.3,-2.4,0.1,2.5,0.8,2.8,1.9,-0.4,-0.5,-0.1,1.8,1,1.6,1.3,1.5,3.3,3.3,1.9,1.4,2.6,1.6,8.2,5.6,1.7,-2.1,-4.1,0,2.4,-0.7,-0.7,1.2,0.5,0,-4.8,0.8,0.4,0.7,-0.6,2.8,-0.7,2,0.7,1.4,2.1,0.8,2.5,0.5,0,0,0.1,-0.2,-0.2,-0.2,2.6,2.6,0,1.5,2.8,2.7,0.9,0.1,-0.7,0.6,0,-1.4,0,0.9,-5.1,0.6,1.2,0.4,1.3,0.4,2.8,1.4,1.5
  2017 Nov,0.6,1.5,1.5,1,0.1,2.8,-0.2,-0.2,3.2,2.1,0.3,0.8,-0.1,1.9,-0.2,0.5,0.1,2.4,1.9,1.6,3,3.5,1.2,0.3,1.1,0.6,-3.2,1.7,4.2,0.5,2.2,3.6,1.9,-0.1,2,3.3,1.2,2.5,0.6,4.7,3.6,5.5,1.8,1.9,-0.1,2.7,3.1,1.3,1.4,1.1,1,1.7,na,na,1.3,0.7,-0.3,-0.3,-0.6,1.1,1.6,4.2,3.4,5.2,2.8,-2.4,-3.9,8.9,15.1,10.2,6.1,7.7,1,-1,-1.3,-2.2,-2,-1.5,1.3,2.3,0.5,2.6,2,-0.6,-0.9,0.6,1.8,1,1.7,1.3,1.2,3.5,3.8,1.9,2.6,4.1,1.4,-1.8,8.6,5.5,-2.2,-4.2,0,2.4,1.1,1.1,0.6,1.5,0,-0.2,1.6,0.8,0.2,-0.3,-0.7,0.1,2.3,0.6,1.4,2,0.8,3.1,0.5,0.1,0,0.3,0.7,0.6,1.1,2.6,2.6,0,1.5,2.8,2.7,0.9,-0.4,-1.6,0.6,0,-3,0,-0.7,-3.2,0.6,0.7,0.1,0.8,0.4,2.5,1.8,1.9
  2017 Oct,0.4,1.5,1.6,0.6,-1.1,-0.9,0.7,0.4,2.2,1.8,-2.2,1.1,0.2,3.4,0.1,0.7,0.9,2.1,1.5,1.9,-1.9,1.9,0.4,0.7,1.1,1.5,-3.2,2.2,5.4,0.7,2.5,4.6,1.6,0,4,6.9,2.4,2.6,2.8,0.8,3.4,0.6,0.1,1.9,0.1,3.4,2.2,2,1.4,1,0.9,1.6,na,na,1.3,0.7,0,-1.2,0.3,0.9,2.5,2.7,2.6,3,2.3,-2.7,-4.2,9.1,15.1,10.2,6.1,9.5,0.7,-1.6,-1.3,-2.7,-2.4,-2.7,0.6,2.1,-0.9,2.8,2.2,0,-0.1,0.6,1.9,1,2,1.2,1.5,3.6,4,1.9,1.1,2.2,-1.4,-7.9,7,5.1,-2.2,-4.2,0,2.4,0,-0.1,1.7,1,0,0.3,1,0.7,-0.1,-1,-1.6,0.6,2.4,0.6,1.7,2.7,0.8,3.1,0.5,0.1,0,0.2,0.5,0.1,1.7,2.6,2.6,0,1.5,2.8,2.7,0.9,0.9,0.1,0.6,0,0,0.2,0.1,-2.3,0.6,3.3,0.3,4,0.4,2.5,1.5,1.6
  2017 Sep,0.4,1.2,1.1,-0.7,-3.9,-2.7,0.5,-1.1,-2.2,1,-0.9,0,0.7,0.9,-0.2,0.3,-2.9,0.1,2.8,3.2,2.9,3.8,0.6,0.7,1.1,1.4,-2.7,3.3,5.2,2.3,1.6,2.4,1.1,1.2,3,4.5,2.8,2.2,1.8,1.2,3.2,1.2,0,0,-1.8,-0.2,2,0.5,1.3,0.7,0.9,1.7,na,na,1.7,0.5,0.3,-0.7,1.1,-1.8,1.5,1.1,3.1,-0.7,2.3,-2.3,-3.9,9.8,15.1,10.2,7.5,8.2,0.8,-1.5,-1.2,-2.7,-1.3,-2.8,0.4,2.1,-0.8,2.7,2.5,-0.5,-0.7,0.5,2.2,2,2,1.8,1.5,3.5,4.8,1.9,1.1,2.1,-2.4,-5.3,8.9,5.3,-2.2,-4.2,0,1.7,-0.4,-0.5,2,1.3,0,0,1.4,0.4,0.2,1.2,-2.9,1.6,1.7,0.4,1.1,1.5,0.8,4.5,0.3,0,-0.2,0.1,0,-0.7,2.7,2.7,2.7,0,1.5,2.8,2.9,0.9,0.7,-0.2,0.6,0.4,-0.7,0.4,1.6,-2.8,0.6,3.4,0.6,4.1,0.4,2.2,1.5,1.6
  2017 Aug,0.4,1.2,1.1,0.6,-0.2,3.1,0.6,-0.5,-0.1,1.5,0.2,1.2,0.6,2.9,0,1.5,-0.9,2.4,2.5,4.3,1.2,-0.7,0.9,0.4,1.6,1,-5.6,0.9,3.9,-0.5,2.6,1.3,3.8,2.4,-0.1,-2.9,0.6,1.6,1.5,0.6,7.5,-0.6,2.2,0.6,-0.9,1.6,1.2,1.2,1.3,0.8,0.3,1.7,na,na,1.7,1.6,0.5,-3.4,3.3,-3.6,2.2,5.2,5.6,5.8,1.4,-2.3,-3.9,9.7,15.1,10.2,7.5,8,1.2,-0.5,-1.1,-1.3,0,-1.4,1.9,2.2,-0.3,2.7,2.5,-0.2,-0.3,0.5,2.1,2.2,2.1,1.8,1.3,3.5,4.8,1.9,1.4,2.6,-1.6,-10.8,10,5.2,-2.2,-4.2,0,2,0,-0.1,2,0.1,0,-1.5,0.2,0.3,-0.4,0.1,-3.7,-0.7,3.2,1.7,0.9,1,0.8,4.4,0.2,0.2,-0.2,0.5,0.2,-0.8,4.5,2.7,2.7,0,1.5,2.9,2.9,0.9,0.1,-1.1,0.6,0.4,-2.3,0.1,-0.2,-2.9,0.6,2.8,0.4,3.3,0.4,2.2,1.5,1.6
  2017 Jul,0.6,1.4,1.4,1.1,0.2,4.4,0.4,0.4,3,1.6,1.2,0.6,-0.3,2.5,0.1,2,-2.2,1.4,2.5,3.8,10.2,-0.9,1.6,0.2,1.3,0.2,-4.1,3.1,4.3,2.5,3.3,1.9,4.3,3.7,0.4,-1.8,-1.7,3.1,2.4,1.3,5.8,0.9,0.9,1.6,0.5,2.5,1.8,2.9,1.5,1.2,0.2,1.8,na,na,1.7,2.6,1.5,-0.6,3.6,-3.8,3.7,6.1,5.5,8.1,-0.5,-2.5,-4.1,9.9,15.1,10.2,7.5,9.9,1,-0.9,-0.6,-1.3,-0.1,-2,0.2,2.2,-0.2,2.6,2.9,0.6,0.7,0,2.5,2.2,2.5,2.2,1.3,3.9,5,1.9,2,3.5,-2.4,1,7.2,11.5,-2.2,-4.2,0,2.2,-0.4,-0.6,3.5,0.3,0,-1,0.4,-0.1,-1.1,0,-3.8,-2.2,0.7,1,1.1,1,0.8,7.6,0.2,0.1,-0.2,0.4,-0.6,-1.5,3,2.8,2.9,0,1.5,3.1,3,0.9,0.5,-0.6,0.6,0.4,-1.4,0.2,1.7,-3.8,0.6,4.1,0.4,5,0.1,2.2,1.7,1.8
  2017 Jun,0.5,1.4,1.1,0.7,-0.2,-3.8,0.4,0.5,2.3,1.8,-2.2,0.3,-0.2,1.5,-0.2,1.7,-2.3,0.7,1.2,2,8.9,-1.4,1.1,0,0.2,0.5,-2.5,1,2,0.6,5.4,2,8.3,4.5,0.8,-2.5,-1.3,5.7,2.7,1.8,2.1,2,0.7,0,0.4,-1.7,1.2,0.4,1.5,1.3,0.5,1.7,na,na,1.9,1.9,1.4,0.3,1.9,1.7,2.7,3.5,1.7,5.5,2.1,-2,-3.9,13.2,0,10.2,21,9.3,0.3,-1.6,-0.8,-0.7,-1.7,-2.3,-2,1.4,-1.7,2.1,2.6,-0.5,-0.3,-1,2.5,2.4,2.3,2.1,1.6,4,4.7,1.9,1.8,3,-2.9,1,6.6,11.1,-2.1,-4.2,0,2.8,1,1,1.9,-0.6,0,-0.3,-0.6,-0.1,-1.2,-0.3,-4.3,-1,1.4,-0.2,0.5,1.4,0.8,3.7,-1.1,0.1,0,0.2,-0.1,-0.9,3.4,3.2,3.3,0,3.1,3.2,3.7,0.1,0.2,-1.4,0.7,0.8,-2.9,0.7,2.8,-1.8,0.6,4,0.1,5,0.7,1.9,1.7,1.7
  2017 May,1.4,1.5,1.4,1.1,0.3,-3.1,0.2,0.5,4,1.7,0.4,0.5,-0.3,4,0,1.4,-0.8,0.6,2.9,3.8,9.8,2.1,0.7,0.7,1,1.4,-2.7,-1.9,-0.1,-2.7,3.5,1.6,5.1,2.6,0.5,-2.1,-3.3,5.4,2.8,4,0.6,4.1,5.9,-0.3,0.2,-1.8,0.5,1.2,1.5,1.3,0.5,1.7,na,na,1.7,1.9,1.7,-0.8,3.4,-0.5,1,2.6,-1,6.2,1.2,0.1,-1.5,13.2,0,10.2,21,9.3,0.7,-1.3,-0.3,-1.1,-2.5,-3,0.7,1.8,-0.1,2.2,2.4,-0.7,-0.7,-0.8,2.6,2.4,2.8,1.8,1.6,4.4,4.5,1.9,3.8,6.1,1.8,0.9,9.8,11,-2.2,-4.2,0,2.1,-1.3,-1.5,2.5,0.8,0,0.9,0.8,-0.2,-2,-3.5,-7,2.3,0.7,-0.1,0.6,2.3,0.8,-1.3,-1.1,0.1,0,0.3,-0.1,-1.3,4.8,3.2,3.2,0,3.1,3.3,3.6,0.1,-0.1,-1.8,0.7,0.8,-3.6,0.8,3.4,-1.5,0.6,2.9,0.3,3.6,0.7,1.8,2.8,2.2
  2017 Apr,0.4,1.3,1.1,0.3,0.6,-0.7,0.8,-0.7,-1.7,1.1,-0.3,0.5,-0.4,3.6,0.2,1.2,-1.6,1.3,3.5,5.2,8.6,1.6,0.5,1.1,0.9,2,-2,-1.9,0.1,-2.8,2.1,2.5,1.8,2.2,-0.1,-4.2,0.6,2.7,2.3,0.9,1.8,0.3,3,-0.6,-0.2,-1.9,0.3,1.7,1.5,1.2,0.9,1.7,na,na,1.7,0.5,0,-3.8,1.7,0.9,1.5,1.9,0.5,3.9,-1.8,-4.6,-6.7,12.9,0,10.2,21,6.7,0.8,-1.2,0.3,-1,-2.8,-2.3,-0.9,1.9,-0.2,2.3,3,0.8,1.2,-0.4,3,2.4,2.7,2.8,1.9,4.5,4.9,1.1,4.7,7,2.7,7.1,12.1,10.9,-2.1,-4.2,0,3.3,1.4,1.4,1.7,1,0,-1.5,1.1,0.3,-2.1,-1.2,-7.5,-0.9,2.6,-0.3,0.6,2.4,0.8,-2.2,-1.1,0.2,0,0.3,1,-0.2,6.1,3.2,3.2,0,3.1,3.3,3.6,0.1,0.1,-0.9,0.7,0.7,-2.1,0.5,0.6,-1,0.8,2,0.3,2.4,0.7,1.8,1.5,2.4
  2017 Mar,0.7,1.3,0.9,0.7,-0.5,0.2,1.4,0.3,-0.1,0.9,1,-0.1,-0.2,0.9,0.2,1,-3.7,0.4,2.3,4.2,7.1,-1.3,0.4,0.5,2,-0.1,-2.3,-3,0.8,-4.8,3,3.7,2.7,2.3,0.2,-4.5,4,1.6,2.4,1,3,0.7,1.3,0.1,-0.7,0.6,0.2,0.7,1.5,1.2,2.2,1.7,na,na,2.5,-0.9,-0.7,-3.1,0.4,-0.3,0.1,-1.9,-2,-1.7,-2.2,-3.2,-4,3.5,0,10.2,3.5,7.9,1.6,-0.3,0.3,2,-1.1,-0.7,-0.3,2.8,0.3,3.2,2.8,1.1,1.7,-1.1,3,2.4,2.7,3.4,1,3.9,4.2,1.2,4.5,6.9,2.2,10.3,11.5,11.6,-2.2,-4.2,0,1.8,0.1,0,0.5,-0.4,0,-0.9,-0.3,0.3,-1.8,-2.5,-5.1,0.1,0.9,-0.4,0.5,1.3,1.6,1.9,-1.2,0.2,0,0.4,0.9,0.1,4.1,3.6,3.7,0,3.1,3.4,4.6,0.1,0.2,-0.8,1.1,0.7,-2,0.3,0.3,-3.9,1,2,0,2.5,0.7,1.9,1.8,2
  2017 Feb,0.7,1.3,1,1.2,1.8,6,1.4,0.5,0.9,1.1,0,0.2,-1.2,1.7,0.4,0.4,0,1.6,0.4,1.4,5.5,-3.2,1.3,0.9,2.5,-0.2,-0.3,-2.8,0.1,-4.2,2.6,4.2,1.1,3.7,2.7,-0.7,6.3,4.9,2.9,1.7,2.9,1.3,2.9,-0.4,0.8,-2.1,-0.1,0.2,1.5,0.9,2.1,1.8,na,na,2.5,-0.2,0.4,-0.9,1.6,-1.9,-2.1,-2.1,1.4,-5,-2.3,-3.1,-4,3.4,0,10.2,3.5,7.2,1.5,-0.9,0.1,1.9,-2.1,-1.7,-0.6,2.9,0.4,3.4,2.6,-0.2,0.3,-1.9,3.1,2.4,2.5,3.7,1,3.9,4.4,1.2,4.2,7.1,1.9,1.6,14.4,11.4,-2.3,-4.2,0,0.6,-4.4,-4.6,0.1,0.7,0,-1.3,0.9,0.5,-1,-0.4,-4.3,-0.3,2.3,-0.2,0.5,1.5,1.6,1.5,-1.2,6.1,13.8,0.7,0.3,-0.6,3.9,3.6,3.7,0,3.1,3.4,4.6,0.1,-0.6,-2,0.8,0.7,-4,0.4,0.8,-1.5,0.7,1.2,0.6,1.3,-2.9,1.8,1.8,2
  2017 Jan,0.6,1.9,2,0.4,-2.4,1.1,1.3,0.6,0.9,1.1,-0.1,0.6,0.9,4.4,0.1,0.4,-1.7,0.4,6.2,6.2,7.2,10.5,1.7,0.6,2,-0.6,0.1,-2.6,-0.8,-3.4,1,2.5,-0.5,2,4.9,4.7,5.7,6.9,3.1,1.8,2.1,1.4,3,-0.1,0.6,-0.9,-0.1,0.7,1.8,1.7,2.3,1.8,na,na,1.3,-1.5,-0.9,-2.5,0.7,-5.3,-1.3,-3.5,-2.2,-4.1,-6.7,-3.2,-3.9,2.7,0,10.2,3.5,0.6,2.1,-0.8,-0.3,1.9,-1.2,-1.5,-0.4,3.9,-0.2,4.8,2.5,-0.8,-0.6,-1.6,3.1,2.4,2.5,3.7,1.5,4.1,4.6,0.7,2.8,4.1,-0.6,-4.9,8.2,10.1,-2.1,-4.2,0,3.6,3.8,4,0.4,0.4,0,-1.7,0.5,0.5,-1.6,-2.6,-4,-1.6,2.1,0.3,-1.4,1.6,-4.1,1.6,-4.6,5.9,13.8,0.4,2,1.1,5.5,3.5,3.6,0,3.1,3.2,4.7,0.1,0,-0.7,0.8,0.7,-1.7,0,-1.5,-1.9,0.6,0.9,-0.2,1.2,-0.4,1.9,1.7,1.8
  2016 Dec,0.2,2,2.4,1.1,-0.4,3.6,1.8,1.2,3,0.8,0.1,2.4,2.5,3.8,-0.1,3.9,-0.1,1.6,5.4,6.3,8.1,4.2,4.2,0.7,2.3,-0.4,-1,-0.9,-1.4,-0.7,1.9,4,-0.5,5,5.6,7,5.4,6.6,3.5,-0.2,-0.2,-0.8,2.8,0,3,-1.2,-1.6,2.3,1.8,1.7,2.2,1.9,na,na,1.3,-0.1,0.7,-0.9,2,-1.9,-2.5,-2.4,-1.5,-2.8,-4.8,-3.8,-3.8,-3.6,0,0,-6,-0.7,2.1,-1,0,1.2,-1.5,-1.9,-1,4.1,-0.1,5,2.9,0.8,1.1,-0.4,3.2,2.4,2.4,3.9,1.6,3.7,4.6,0.5,0.8,1.7,-3.8,-3.1,4.2,10.1,-0.7,-1.7,0,3.8,-2.8,-2.9,0.3,-0.8,0,0.2,-0.8,0.9,-2,-2.4,-5.7,-1.2,1.3,0.4,-0.1,1.3,-4.8,6.7,-1.2,5.9,14,0.3,2,1.3,5.4,3.2,3.2,0,1.6,2.8,4.6,0.3,0,-0.7,0.7,0.4,-1.5,0.5,1.4,-1.3,0.6,2.8,0,3.5,-0.4,-0.8,1.2,1.3
  2016 Nov,0,2,2.4,1.4,0,-0.8,2.2,1.6,2.8,0.8,1.5,1.7,2.8,2.3,0.2,4.1,-4.7,0.9,5.3,6.8,8.7,2,4.4,1.2,2.1,1,-0.6,-1.2,1,-2.2,2.3,5,-0.4,4.7,5.4,7.8,4.9,5.8,2.6,0.6,2.6,-0.2,2.8,-0.1,1.2,-1.1,-0.3,2.2,1.7,1.6,2.4,1.8,na,na,1.3,-0.2,0.9,-0.9,2.1,-0.6,-1.8,-3.8,-2.9,-4.3,-5.5,-3.7,-3.8,-3.5,0,0,-6,0.3,2.6,-0.3,0.1,1.3,-0.3,-1.1,0.6,4.4,0.2,5.3,2.4,-0.7,-0.1,-2.6,3.3,2.4,3.4,3.8,1.7,3.6,4,0.5,-0.3,0.2,-3,1.4,-0.2,6.2,-0.7,-1.9,0.2,3.1,-3,-3.2,0.3,-0.6,0,-1.1,-0.6,0.8,-1.3,-1.9,-2.7,-1.7,0.1,0.6,-0.2,1.4,-4.8,5.8,-1.2,6.3,14.9,0.3,1.5,0.2,6.4,3.2,3.2,0,1.6,2.8,4.6,0.3,0.8,0.5,0.7,0.4,0.5,0.7,1.7,-0.1,0.6,3.6,0.3,4.4,-0.4,-0.7,1,1.1
  2016 Oct,-0.1,1.9,2.1,1.6,2.5,-3.5,1.8,1.8,2.1,0.9,1.7,2.2,3.2,3.5,0.1,4.8,-4.2,1.3,5.6,6.6,15.4,2.4,5.3,1,2.2,0.5,-1.2,-2.5,-1,-3.2,1.7,5,-1.5,4.5,3,2.8,3.5,5.2,1.4,1.7,2.7,0.9,4.5,-1.7,0,-3.3,-1.8,2.2,1.7,1.7,2.4,1.7,na,na,1.3,-0.2,1.3,-0.1,2.5,-1.5,-1.3,-4.6,-4,-5.2,-5.4,-3.8,-3.8,-3.8,0,0,-6,-2.8,3.2,0.5,0.6,1.8,-0.4,0.4,0.7,4.8,1.2,5.6,0.9,-0.4,0.1,-2.4,3,2.5,3.4,2.8,1.4,4.4,-0.2,0.5,-0.2,0,-2.4,1.8,-2.2,5.9,-0.7,-1.9,0.2,3.4,-0.8,-0.8,-1.2,-0.3,0,-0.5,-0.3,1,-0.6,-0.9,-1.6,-0.8,0.2,0.5,-0.1,1.5,-4.8,5.8,-1.2,6,14,0.3,1.7,0.7,5.3,3.2,3.2,0,1.6,2.8,4.6,0.3,-0.4,-1.1,0.7,0.4,-2.3,0.6,1.1,-0.3,0.6,0.8,-0.9,1.2,-0.4,-0.7,0.8,0.9
  2016 Sep,-0.2,2.2,2.7,2.3,4.4,-0.8,1.9,4.1,4.2,0.4,2.3,3.2,3.3,1.6,-0.1,4.9,1.3,3.3,4.5,5.4,13.4,1,4.6,1.7,2.6,1.5,-0.6,-2.5,-1.7,-2.8,1.8,5.4,-1.6,4.1,4.4,4.8,4.2,6.1,2.8,2.4,5.1,1.4,5.3,0.1,-0.2,0.6,-0.2,3.3,1.9,1.9,2.4,1.8,na,na,0.8,-1.2,-0.3,-1.6,0.5,-0.9,-2.2,-4.2,-2.7,-5.5,-4.8,-4.3,-3.7,-8.9,0,0,-14,-3.6,3.1,0.3,0.6,1.8,-1.2,0.5,-0.1,4.8,1,5.6,0.6,-0.3,-0.2,-0.7,2.7,1.5,2.6,2.3,1.4,4.6,-0.7,0.5,-0.5,-0.4,-2.8,1.9,-4.7,7.8,-0.7,-1.9,0.2,3.7,-1.6,-1.6,-1.6,0.2,0,1.4,0.2,1.2,-0.7,-1,-0.2,-1.7,-0.5,0.3,0.7,2.7,-4.8,4.9,-0.4,5.9,13.9,0.3,1.6,0.9,4.4,3.3,3.3,0,1.6,2.8,4.9,0.3,-0.3,-0.9,0.7,0.5,-1.9,0.4,0.6,-1.5,0.6,0.4,-0.2,0.5,-0.4,-0.1,0.6,0.7
  2016 Aug,-0.3,2,2.3,1,1.4,-2.5,2,2.2,0,0.4,0.1,2.7,3.6,1.7,-0.3,5,1.7,0.1,4.4,4.7,10.7,2.3,5.5,1.9,2.3,0.9,4.4,-1.7,-1.4,-1.8,1.2,5.1,-2.8,4.4,4.7,4.9,3.9,7.9,2.9,-0.5,1.7,-1.4,2.4,0.3,0.3,-0.6,1.3,2.5,1.9,2,3.1,1.7,na,na,0.8,-1.9,-0.9,-2.4,-0.6,1.7,-1.9,-5.4,-1.1,-8.9,-5.9,-4.3,-3.6,-8.9,0,0,-14,-4.2,3.2,0.5,2,-0.1,-1.4,-0.7,1.1,4.8,0.7,5.7,0.8,0.6,1.1,-1,2.6,1.2,1.8,2.5,1.5,4.6,-0.7,0.5,-0.7,-1,-2.6,1.9,-8.3,7.7,0.9,0.9,0.2,3.7,-2,-2,-1.6,1.1,0,1.4,1.1,1,-0.8,-1,-0.8,-1.6,-0.9,0.5,1.2,3.3,-4.8,8.1,-0.2,6.2,15.3,-0.2,0.9,0.7,1.5,3.4,3.5,0,1.6,3.1,4.9,0.3,0.1,-0.2,0.7,0.5,-0.8,0.3,0.5,-1.8,0.6,1.1,0.1,1.3,-0.4,-0.1,0.6,0.7
  2016 Jul,-0.7,2.1,2.8,1.1,-0.5,5.4,2.3,1.1,2.1,0.2,2.4,2.9,6.2,0.1,-0.2,4.6,-0.9,-0.1,5.2,6.8,5,2.7,3.6,1.8,2.8,0.2,4.6,-2.9,0.1,-4.3,2.9,6.2,0.5,2.6,5.5,7.2,4.5,9.2,1.8,2.8,1.5,3,2.9,0.1,0.6,-0.8,0.5,1.5,1.8,1.7,3,1.8,na,na,0.8,-1.8,-0.8,-1.4,-1.3,3.2,2.9,-6.2,-1.2,-10.5,-5.3,-4.3,-3.6,-8.9,0,0,-14,-4,3.2,0.6,2.1,-0.1,-1.8,-0.1,0.9,4.8,-1.4,6.1,0.4,-0.7,-0.5,-1.4,2.5,0.7,1.4,2.6,1.4,4.5,-0.8,0.5,-3.5,-4.4,-2.8,-0.8,-8.9,-3.7,-0.8,-1.9,0.2,3,-1.8,-1.8,-2.2,0.9,0,0.7,0.9,1.2,-0.2,-0.5,0.2,-0.9,-0.2,0.2,0.8,2.7,-4.8,6.9,-0.2,6.3,15.3,0,1.2,0.5,4.2,3.6,3.7,0,1.6,3.5,4.8,0.3,0.2,0.3,0.7,0.5,0.1,0,-2.5,-1.1,0.6,0.4,0.1,0.4,0.8,-0.1,0.1,0.2
  2016 Jun,-0.7,2.1,2.6,0.6,0.1,1.1,1.9,-0.7,-0.1,-0.2,2.5,1.5,3.2,2.7,0,1.3,-2,1,6.2,6.8,6.9,7.4,3.2,2.5,4.6,0.3,4,-2.9,-1.7,-3.5,3.5,6.8,2.2,-0.4,5.2,7.2,6.6,8.3,0,0.6,-3.2,0.9,1.4,-0.4,1.5,-3.4,0.5,1.5,1.8,2.2,2.8,1.5,na,na,0.5,0.2,1.6,1.1,2.1,0.3,0,-4.4,0.8,-9.2,-0.9,-4.2,-3.5,-9.4,0,0,-15.3,-4.2,3.4,1,2.6,-2,-1.6,0.6,0.5,4.9,-1.4,6.3,0.7,-0.5,-0.5,-0.5,2.7,1.3,1.6,2.9,1.2,5,-0.5,0.5,-4.3,-5.7,-5.1,0.2,-9.7,-3.6,-0.7,-1.9,0.2,3.4,-0.8,-0.7,-1.9,0.4,0,1.6,0.3,1.6,0.1,-0.4,-0.2,0.4,0.8,0.6,0.8,2.3,-4.5,2.5,0.7,5.9,14,0.1,2.1,1.7,3.6,3.2,3.3,0,0.1,2.6,5.2,1.2,0.5,0.8,0.6,0.1,1.1,0.1,-1.8,-0.9,0.6,0.2,0.4,0.2,0.1,0.2,0,0.1
  2016 May,-1.6,2.2,2.5,1.2,-1,4.4,1.7,0.9,4.3,0.6,1,1.2,3.3,0.2,0.2,2.3,-3,0,5,5.2,2.9,6.9,2.9,2.5,4.5,1.1,0.9,-1.8,-0.3,-2.5,3.6,5.5,2.8,1.6,5.1,5.6,8.6,7.6,0.6,0.8,-1.2,1.6,-1.6,0.2,1,-2.1,1.7,1.7,2,2.4,2.9,1.6,na,na,0.8,-0.3,0.2,0,0.5,-0.5,2.6,-2.7,3.1,-7.5,-2.5,-6.4,-6,-9.5,0,0,-15.3,-4.5,3.3,1.2,2.9,-1.6,-1,1.3,-0.7,4.6,-2,6,1,0.4,0.4,0.3,2.7,1.3,1,3,1.4,4.8,-0.1,0.5,-5.7,-7.6,-8.7,-0.1,-10.3,-3.9,-0.6,-1.9,0.3,4.2,-0.8,-0.8,-1.2,-0.1,0,2.5,-0.2,1.1,-0.3,-0.3,0.2,-2.2,-0.3,1.2,0.5,2.4,-4.5,-3.2,0.8,6.1,14.2,0.3,1.4,1.6,0.8,3.2,3.3,0,0.1,2.6,5.2,1.2,0.2,0.3,0.6,0.1,0.3,-0.2,-3.5,-1.3,0.6,0.7,0.1,0.8,0.1,0.2,-1,-0.3
  2016 Apr,-0.5,2.3,2.4,1.4,1.2,2.9,1.8,-0.1,1.8,1.3,0.9,1.8,3.2,2.4,-0.2,3.1,-1.8,0.4,4,3.6,5.7,5.2,3.9,2.1,5.3,1.1,-4.5,-1.8,-0.1,-2.6,3.3,4.1,2.9,2.8,4.3,6.5,6.5,5.3,0,2.2,-1.3,2.9,1.3,0.9,0.3,0.4,1.9,1.8,2.2,3.1,2.5,1.6,na,na,0.8,1.8,2.5,6.4,1.4,-0.8,2.6,-0.6,4.7,-5,0.5,-1.9,-0.9,-9.6,0,0,-15.3,-6.4,0.2,0.5,1.1,-1.1,-0.9,1.3,-0.9,0.1,-1.5,0.4,1.1,0.7,0.8,0.4,2.8,1.3,1.3,3.3,1.4,4.7,0,0.5,-5.4,-7.1,-8.9,1.8,-8.1,-3.5,-0.4,-1.5,0.3,3.5,-1.8,-1.9,2,-1.9,0,4.1,-2.2,1,0.3,-0.2,0.2,0.6,-1.3,1.4,0.5,2.3,-4.5,-2,0.6,6,14.2,0.3,0.9,0.9,1,3.1,3.1,0,0.1,2.3,5.2,1.2,0.6,0.6,0.6,0.1,0.8,0.1,0.6,-2.1,0.4,2.1,-1.6,3,0.1,0.2,0.3,-0.4
  2016 Mar,-1,2.2,2.3,1.2,2.3,3,1.2,0,0.9,1.3,-0.9,2.2,3.7,-0.3,2.1,3.3,1,0.5,2.8,2.4,8.9,3.6,2.6,2.3,5.6,2.2,-7.2,0,0.2,-0.1,1.7,0.6,2,3.9,4.2,9.4,0.2,6.8,-0.8,3,-3.3,4.4,0.5,1.6,1.4,0.5,2.9,2.3,2.2,3.2,1.5,1.7,na,na,0.1,1.3,1.4,3.4,0.3,1.7,0.7,1.4,3.8,-0.5,0.9,-4.2,-3.2,-10.6,0,0,-16.3,-6.4,-0.3,0.3,0.8,-2.1,-1.1,0.9,-0.4,-0.7,-1.6,-0.6,0.7,-0.3,-0.2,-0.5,2.6,2.7,2.2,2.4,1.4,4.4,-0.3,0.4,-4.3,-5.9,-7.3,10.2,-6.7,-3.8,1.1,0.9,0.7,4.3,-2.8,-2.9,0.3,-1.8,0,3.3,-2,0.4,-0.7,0,-2.2,-2.2,-0.8,1.8,0.2,2,-5.3,-4.1,0.8,6,14.2,0.1,0.2,-0.3,1.9,2.4,2.5,-3.8,-4.4,2,5.1,1.2,0.6,0.5,0.2,0.3,0.7,0,0.2,-0.2,0,2.8,-1.5,3.9,0.1,0.2,-0.4,-0.4
  2016 Feb,-0.8,1.9,1.5,1.6,1.4,1.4,1.8,-0.1,2.8,1.2,3.3,1.3,2.9,6.1,2.3,2.3,-3.1,-1.2,0.1,0.3,7.2,-1.6,0.9,1.4,4,2.1,-8.7,1,1.4,0.7,2,1.3,2.6,1.8,2.3,9.4,-6.1,3.9,-0.9,4.9,-2.7,6.8,1,1.4,0.8,2.6,0.9,2.5,2.2,3.4,1.2,1.6,na,na,0.1,2.5,2.3,2.2,2,3.9,1.4,3.4,3.5,3.3,3.6,-4.1,-3.2,-10.6,0,0,-16.3,-6,-0.6,0,1.3,-2,-3.4,0.5,-0.8,-1,-1.5,-0.9,0.7,-0.4,-0.5,0,2.8,2.7,1.9,2.9,2.1,4.1,-0.6,0.4,-2.9,-3.9,-6.5,8.8,1.6,-3.9,1.1,0.9,0.7,4.5,-3.6,-3.7,-0.8,-0.9,0,2.7,-1.1,0.1,-0.5,0,-1.9,-1.3,-0.7,1.8,0.5,2,-5.3,-5,1.8,0.2,0.3,0.1,0.1,-0.2,1.3,2.4,2.4,-3.8,-6.2,2,5.1,1.2,0.5,0.4,0.2,0.3,0.5,-0.1,-0.1,-0.5,0,1.2,-0.4,1.6,3.9,0.4,-0.2,-0.2
  2016 Jan,-0.6,1.7,1.5,0.7,-1.9,-0.5,1.7,0.5,0.9,1.3,1.5,2.2,3.8,1.7,2.5,3.6,-2,0.9,4.2,5.5,5.5,5,-0.4,0.6,4.3,0.4,-9.4,-0.5,0.1,-0.7,3.4,3.5,3.6,2.6,-1.6,-1.3,-6.9,1.9,-0.5,2.4,-3,3.5,1.2,-0.3,-0.5,-0.3,-0.1,1.3,1.8,2.8,0.2,1.5,na,na,0.1,2.6,2.2,2.8,2.1,1.6,1.2,4.3,4.8,4.1,3.7,-4,-3.1,-10.9,0,0,-16.3,-9.1,-1.4,0,1.3,-2,-1.9,-0.1,-1,-2.2,-1.4,-2.3,0.7,0.2,0.5,-0.8,2.8,2.7,1.9,3,1.8,4,-0.8,0.4,-1.5,-1.8,-5.5,20.5,10.2,-3.9,1.1,0.9,0.7,4,-5.6,-5.8,-1,-0.7,0,1.5,-0.8,0.8,0.1,0,-1.4,0.7,0.1,1.4,1.2,1.8,0.3,-5.1,1.9,0.2,0.3,0.2,1,0.5,2.7,2.6,2.6,-3.8,-6.2,1.8,6.2,1.2,0.3,0.1,0.2,0.3,0,0,0.2,-0.1,0,0.6,0.2,0.7,2.3,0.4,0.1,0.1
  2015 Dec,-0.6,1.5,0.5,1.1,-1.2,-4.1,2.5,-0.4,-1,2.5,1.1,0.4,1.6,-1.4,2.6,0.6,-3,0.8,0.6,1.6,6.4,-1.2,-0.4,0,4.2,-0.6,-10.3,-4.9,-3.2,-5.7,1,1.9,0.6,-0.1,-0.7,-0.6,-0.9,0,-1,1.9,-4.4,3.3,-0.3,1,-1.6,3.1,1.3,1,2.1,3.3,1,1.6,na,na,-0.2,1.2,0.9,1.5,0.7,1,-0.5,2.5,0.8,4.3,1.1,-4.2,-3,-12.6,0,20.9,-19.5,-10.7,-1.3,0,1.6,-1.1,-2,-0.8,-0.2,-2,-2.3,-2,-0.7,0.1,0.3,-0.5,-1.6,-43.8,2.3,-0.8,1.7,3.6,-0.4,0,-0.9,-1.1,-3.2,22.3,5.6,-3.2,2.1,2.5,0.7,5.4,-5.4,-5.5,-3.6,-0.1,0,0.8,-0.2,1.4,0.4,0,-1.5,2.5,-0.4,1.4,1.3,0.9,6.3,-8.4,1.9,0.2,0.2,0.2,2,1.4,4.3,3.7,3.7,-3.8,-6.2,3.1,7.3,0.8,0,-0.2,1,0.3,-0.7,-0.2,-1.8,0.9,0,0.2,0.2,0.1,2.3,0.3,0,0.1
  2015 Nov,-0.8,1.6,0.4,1,-2,1.3,2.1,0,-1,3.1,-0.1,0.6,1.3,3.1,2.3,-0.3,0.3,-0.1,0.5,1,7.1,-0.2,-0.9,1.2,4.5,0.7,-7.4,-2.9,-3.4,-2.7,0.6,0.8,0.3,0.9,-1.4,-1.8,-2.2,-0.8,-0.8,1.2,-3.3,2.1,0.2,0.1,-1,0.8,0.4,0.8,2.3,3.4,1.3,1.8,na,na,-0.2,1.4,0.4,1.7,-0.1,0.2,3.7,4.4,2.1,6.8,2.4,-4.2,-3,-12.7,0,20.9,-19.5,-11.5,-1.3,0.1,1.8,-1,-1.3,0,-2.1,-2.2,-1.9,-2.3,-0.5,0.6,0.8,-0.1,-1.8,-43.8,1.1,-0.8,1.7,3.5,-0.2,0,-1.1,-1.7,-2.4,18.7,0.7,-3.4,2.2,2.8,0.5,5,-4,-4.1,-2.8,-0.9,0,2,-1,0.8,0,0,-1.7,0.2,0.4,1.6,1.4,0.8,6.3,-8,1.9,-0.1,-0.6,0.3,0.8,-0.4,5.8,3.7,3.7,-3.8,-6.2,3.1,7.3,0.8,-0.5,-0.7,1,0.3,-1.7,-0.6,-3.9,-0.5,0,-1,0.2,-1.3,2.3,0.3,-0.1,-0.1
  2015 Oct,-0.8,1.8,0.9,0.4,-2.5,1.6,2.1,-2.6,-1.6,2.8,-1,0.3,0.5,1.5,2.2,-0.6,-0.9,1.2,0.8,1.3,3,1.2,-1.1,1.4,4.4,-0.3,-1.8,-2.3,-2,-2.4,2.6,1,4.6,0,0.6,1.4,0.4,0.7,-0.3,1.4,-3.4,3,-2.7,1.3,1,0.5,2.2,0.8,2.4,3.6,1.3,1.8,na,na,-0.2,0.9,0.1,1.7,-0.8,0.1,3.3,3.5,1.4,5.8,1.5,-4.3,-3,-12.7,0,20.9,-19.5,-12.2,-1.6,0.1,1.4,-0.4,-0.9,0.2,-2,-2.6,-2.2,-2.7,0.6,0.3,0.4,-0.1,-1.8,-43.9,0.9,-0.1,1.7,2.7,3.3,0,-1.7,-2.3,-2.5,14.6,-1.7,-3.3,2.2,2.8,0.5,4.9,-5.6,-5.8,-1.4,-0.6,0,1.5,-0.7,0.4,-0.2,0,-1.8,-0.6,-0.5,1.8,1.2,0.5,6.3,-8,1.9,0.2,0.1,0.3,0.1,-1.2,5.8,3.7,3.7,-3.8,-6.2,3.1,7.3,0.8,-0.5,-0.8,1,0.3,-1.8,-0.7,-4.1,-0.6,0,-0.3,1.3,-0.7,2.3,0.4,-0.2,-0.1
  2015 Sep,-0.6,1.8,0.7,0.3,-3.3,1.7,2,-4.1,-1.3,2.9,-0.4,0.3,0.7,3.4,2.6,-0.6,-1,0.4,1.3,1.7,1.9,1.7,0,1.5,4.2,-1.2,2.2,-1.9,1.7,-3.5,2.5,0.8,4.7,-0.5,0,-0.9,1.6,1.9,-1.1,0,-5.9,0.7,0.7,0.1,1.5,-1.6,0.6,0.3,2.4,4,1.4,1.6,na,na,-0.2,2.3,1.9,4.3,0.6,2.7,3.6,3.5,0.8,6.1,1.8,-3.6,-2.9,-8.5,0,20.9,-12.7,-12.1,-1.5,0.3,1.5,-1,-1,0.2,-1,-2.7,-1.7,-2.9,0.7,0.8,0.9,0.5,-1.7,-43.9,1.6,-0.6,1.6,3.1,3.1,0,-2.2,-3.2,-2.1,17.7,-4.1,-5.4,2.2,2.8,0.5,5.5,-3.4,-3.6,-0.6,-1.5,6.8,2,-1.7,0.7,-0.1,0,-2.1,-0.3,0.8,1.9,0.5,0.2,6.3,-9.8,0.6,2.1,0.3,3.5,0.9,-0.5,6.7,3.5,3.5,-3.8,-6.2,3.1,6.8,0.8,0.1,0.2,1,0.2,-0.1,0.2,1.1,0.5,0,-0.9,1.4,-1.4,2.3,0.2,0,0
  2015 Aug,-0.8,1.9,0.8,1.2,-1.1,0.3,1.9,-2.6,3,2.5,0.7,-0.3,0,2.2,2.7,-1.7,-1.7,0.7,-0.4,-0.5,2.8,0.5,-1.4,1.5,4.4,-0.1,-2.5,-1.5,1.6,-3,2.9,0,6.6,-1.9,0.3,0,2.4,1.2,-1.4,3,-6.7,4.9,0.6,-0.3,-0.7,-0.2,0.1,1.3,2.5,4.1,1.5,1.7,na,na,-0.2,-0.9,-2,-1.6,-2.4,-0.7,0.6,2.2,-1.3,5.5,0.9,-3.6,-2.9,-8.4,0,20.9,-12.7,-11.9,-2.2,-1.3,0,1.6,-0.8,-2.1,-2.9,-2.8,-1.9,-3,-0.5,0.2,0.3,0.1,-4.9,-45.6,-3.9,-3.2,-2.5,1.8,3.3,0,-2.3,-2.9,-2,17.1,-3.1,-5.4,0.6,0,0.5,5.4,-3.4,-3.5,-1.2,-0.2,6.8,1.8,-0.4,0.4,-0.1,0,-2.1,1.2,0.4,0.8,-0.3,-0.2,2.8,-12.5,0.6,1.6,-0.9,3.5,0.8,-0.2,5.1,3.7,3.7,-3.8,-6.2,3.5,6.8,0.8,-0.4,-0.2,1,0.2,-0.7,-0.1,-1.2,0.4,0,-2.5,0.7,-3.2,2.3,0.2,-0.2,-0.2
  2015 Jul,-0.4,1.9,0.8,1.2,-1.6,-2.9,2.2,-0.1,1.6,3,-1.1,-0.2,-1.8,5.3,2.6,-2,0.8,1.7,1.5,1.4,7.8,2.8,-0.2,1.9,4.5,0.6,-2.1,-0.4,1.2,-1.1,1.3,-1.3,4,-0.5,-0.3,-0.5,0.3,-0.5,-0.5,0.6,-2,0.8,1.2,-1.1,-1.5,-1.5,-0.3,2.4,2.4,4.1,1.5,1.6,na,na,-0.2,0.8,0.1,1.1,0,-1.6,-3.9,4.1,0.9,7.1,3.8,-3.5,-2.8,-8.6,0,20.9,-12.7,-13.6,-2,-0.7,-0.2,1.9,0.3,-1.8,-0.9,-2.8,-0.6,-3.3,-0.4,1.3,1.6,0.3,-5.1,-45.6,-3.9,-3.6,-2.4,1.4,3.2,0,0.1,-0.1,0.7,21.5,-3.4,0.2,2.2,2.8,0.5,5.6,-3.2,-3.3,-1.8,-0.2,6.8,3.5,-0.4,0.3,0.1,0,-2.6,1.2,1.4,1.6,-0.4,0.5,0.3,-14.2,0.6,1.6,-0.9,3.5,0.8,0,4.1,3.6,3.6,-3.8,-6.2,3.3,6.8,1.2,-0.7,-0.7,1,0.2,-1.6,-0.5,-2.7,-0.7,0,-2.3,0.8,-3,3.2,0.1,0.3,0.3
  2015 Jun,-0.3,2,1.1,1.7,-1.8,-3.9,2.3,-0.6,3.6,3.9,0.6,1.5,1.8,2,2.8,1.2,-0.9,2.4,0.9,1.2,6.1,0.8,0,1.7,3.9,0.5,-1,0.3,0.4,0.3,-0.6,-1,-1,1.4,1.6,0.5,5.3,0.6,1.1,1.1,1.3,1.1,1.4,-0.6,-1.1,-0.2,-0.4,2.5,2.4,3.5,1.6,1.9,na,na,-0.1,0.2,0.2,1.7,-0.9,2.5,-1.5,0.3,-1,1.7,-2.9,-3.9,-2.6,-12.5,0,20.9,-18.9,-13.1,-1.8,-0.3,0.4,1.2,4,-2.4,-1.1,-2.7,0.7,-3.4,-0.3,1.2,1.6,0,-5.1,-46.3,-3.6,-3.4,-2.3,1,3.6,0,0.9,1.2,2.3,23.1,-1.2,0.4,2.2,2.8,0.5,5.2,-4.9,-5,-1.7,0.5,6.8,-1.3,0.6,0.1,-0.8,-0.8,-2.3,-1.6,-0.3,1.5,0.6,1.6,0,-7.7,1.1,2.1,0.1,3.5,-0.1,-0.9,3.1,3.1,3.2,-3.8,-6.2,3.3,5.3,0.3,-0.1,-0.2,0.9,0.6,-0.9,-0.5,-2.3,-1.3,0,-0.3,0.6,-0.5,3.2,0.4,0.3,0.3
  2015 May,-0.4,1.8,1.1,1.2,-0.8,-0.7,1.9,-1.3,-0.2,3.3,0.1,1.1,1.1,3.3,2.6,0.5,0.4,1.1,1.5,2.6,6.4,-0.7,0.4,1.3,4.1,-1.8,3.3,1.4,2.1,1.1,-0.4,-0.2,-0.8,0.5,1.6,1.5,5,1.1,-0.1,-0.1,1.8,-0.7,1.3,0.5,0.8,0.2,0.5,2.5,2.3,3.3,1.7,1.7,na,na,-0.1,0,0,1.9,-1.1,0.9,-2.4,0.6,0,0.9,0.1,-3.8,-2.5,-12.4,0,20.9,-18.9,-12,-2,-0.5,0.2,0.8,4,-2.6,-0.9,-2.9,-0.1,-3.4,-0.2,1.1,1.4,0.1,-4.7,-46.3,-3.6,-2.2,-2.5,0.9,3.6,-0.2,0.9,1,2.6,23.2,-2.5,0.2,2.1,2.8,0.3,4.6,-4,-4,-3,0.3,6.8,-1.7,0.3,-0.1,0.1,-0.8,-2.2,2.4,0.6,1.1,0.1,0.4,0,-7,1.1,1.9,0,3.3,-0.7,-0.8,-0.4,3.1,3.1,-3.8,-6.2,3.3,5.2,0.3,-0.3,-0.1,0.9,0.6,-0.7,-0.3,-2.1,-0.2,0,-2.1,0.8,-2.8,3.2,0.4,0.2,0.2
  2015 Apr,-0.5,2.1,1.7,2.1,1,0.7,1.9,1,3.8,2.6,2.1,1.3,0.9,1.5,2.8,-0.4,2.1,3.2,2.2,3.5,8.3,0.9,-0.2,2.2,3.8,-1,8.7,2.7,2.8,2.7,1.5,1.3,1.6,1.4,1,1,0.6,2.9,0,2.7,2.7,2.5,3.6,0.6,0.7,0.3,0.9,2.1,2.2,2.6,1.7,2.1,na,na,-0.1,-2,-2.6,-3.5,-2.6,-0.3,-2.7,0.2,-1.4,1.5,0.1,-3.7,-2.5,-12,0,20.9,-18.9,-8.2,1.7,2.1,2.1,-0.5,3.3,3.1,-0.4,1.4,-0.1,1.8,-0.4,0.2,0.4,-0.6,-4.7,-46.3,-4,-2.1,-2.6,1.1,3.5,-0.2,-1.4,-2.1,-1.9,18.4,-6,-0.1,2.2,2.9,0.4,4.6,-4.4,-4.4,-5.3,2.1,6.8,-2,2.3,-0.3,-0.1,-0.8,-2.7,2,0.9,0.9,0.3,0.4,0,-5.2,1.2,2,0,3.4,-1,-0.8,-2,3.2,3.3,-3.8,-6.2,3.6,5.2,0.3,-0.4,-0.5,0.9,0.6,-1.3,-0.4,-2.7,0.4,0,-1.8,2.6,-2.8,3.2,0.6,0,0.1
  2015 Mar,-0.3,2.1,2,1.7,-0.2,-1.5,1.8,-1.8,4.4,2.8,2.3,0.5,0.3,4.8,0.5,-1.4,-0.9,2.2,3.9,5.4,5,2.7,1,2.7,3.4,-0.3,11.6,1.9,2.6,1.5,1.9,4.5,0,1.3,2.3,2.5,2.2,3.4,1.3,0.1,3.5,-1.1,3.5,0.3,0.6,0,0.5,4,2.1,2.2,2.1,2.1,na,na,1.4,-0.8,-1.1,-0.4,-1.8,0.2,-2.1,0.6,-1,1.7,0.3,-2.7,-2.2,-5.9,0,20.9,-9.2,-9.2,1.6,2.2,2.1,-1.4,4,3.2,-0.2,1.2,-0.1,1.5,-0.2,0.9,1.2,-0.2,-4.8,-47.1,-5,-1.9,-1.8,0.9,3.8,-0.1,-2.7,-4,-5.5,15.2,-6.5,-0.2,2.2,3.1,0,4.6,-1.8,-1.7,-3.5,2.5,6.8,-1.4,2.7,0.5,-0.1,-0.6,-2.6,2.4,0.8,0.6,0.6,0.6,1.8,-5.1,1.2,2,0,3.4,0.4,0.9,-2,3.5,3.5,0,-1.8,3.7,4.6,0.3,0.2,-0.1,0.9,0.5,-0.6,2.4,-2,5.2,2.9,-3.1,2.6,-4.4,3.2,0.4,0.3,0.3
  2015 Feb,-0.3,2.5,3.2,1.2,-0.7,-3.8,1.3,-0.3,2,3.4,-1.8,1.6,2.1,-2,0.1,0.7,1.5,3.2,8.3,9.9,6.8,12,0.3,3.9,8.1,-1.7,11.6,1.1,0.8,1.2,4.9,5.8,5.4,0.7,3,3.3,5.1,3.5,1,-0.7,2.3,-1.6,1.4,0.3,-0.4,-0.8,2,2.4,2.2,2.1,2.3,2.3,na,na,1.4,0,0.2,1.9,-1.7,6.7,2.4,-1.1,0.9,-2.9,-1.5,-2.6,-2.1,-6,0,20.9,-9.2,-10.1,1.9,2.7,1.7,-1.4,10.6,2.2,0.7,1.4,0.3,1.7,0.2,0.8,0.9,0.2,-5.1,-46.8,-5,-2.6,-2.5,0.9,5.2,-0.1,-3.7,-5.8,-5.7,26,-14.7,-0.1,2.3,3.1,0,6,0.8,0.9,-1.3,1.1,6.8,-1.5,1.2,0.3,-0.3,-0.6,-2.5,1.7,-0.3,0.6,0.4,0.4,3.5,-5.1,0.2,2,0.1,3.4,0.4,1.1,-2.5,3.6,3.6,0,0.1,3.6,4.6,0.3,1.4,-0.1,0.9,0.5,-0.7,6.4,-0.6,10.8,7.2,0.4,0.8,0.2,3.2,0.4,0.2,0.3
  2015 Jan,-0.4,2.2,1.6,2.4,3.4,0.4,1.4,-1.9,5.9,3.3,1.1,0.7,0,2.4,0,0.1,0.9,2,-3,-1.9,6.1,-9.8,0.6,4.6,7.9,-0.3,12.1,0.7,2,0.1,3.9,4.8,3.9,1.3,3.5,5.9,4.2,3.1,0.5,-0.5,1.5,-1,0.6,1.6,1.2,0.3,3.1,2.3,2.5,2.2,2.8,2.6,na,na,1.4,-2.3,-2.4,-0.2,-5.4,7.9,1.4,-2.6,0.3,-5.2,-2.6,-2.4,-1.9,-5.6,0,20.9,-9.2,-5.6,1.4,1.9,1.7,-1.7,5.2,1.7,0.5,1.1,-0.1,1.3,0.6,2.5,3,0.5,-5.2,-46.8,-5,-2.6,-2.5,0.3,5.4,0,-3.1,-5,-2.6,30.9,-18.4,0,2.1,3.1,0,4.3,2.4,2.6,-1.3,1.1,6.8,-1,1.2,-0.5,-0.8,-0.6,-2.9,0.4,-1.3,0.6,0.4,0.4,3.5,-4.6,0.2,2,0.1,3.4,-1.3,0,-6.6,3,3.1,0,0.1,3.4,3.4,0.3,0.8,-1.2,0.6,-0.9,-2,7.2,-1.2,10.6,8.5,-0.9,0.8,-1.3,2.1,0.3,0.1,0.1
  2014 Dec,-0.1,2.7,2.6,1,na,na,na,na,na,na,na,1.6,na,na,na,na,na,na,1.8,na,na,na,na,6.2,na,na,na,2.7,na,na,8.1,na,na,na,1.4,na,na,na,na,-0.6,na,na,na,0.4,na,na,na,3.4,2.7,2.1,2.6,3,na,na,1.5,-1.7,-2.5,na,na,na,5.5,-0.4,na,na,na,-1.8,-1.7,-2.7,na,na,na,na,1,1.6,na,na,na,na,na,0.7,na,na,1.7,1,na,na,-0.2,na,na,na,na,na,5.2,0,-3,-5.3,na,na,na,na,2.3,na,na,na,4.3,na,na,1.3,8.8,-2.7,1.5,-0.5,-0.6,na,na,na,na,na,1,na,na,na,na,1.6,na,na,-1.7,na,na,3.1,3.1,na,na,na,na,1.8,1.4,-0.8,na,na,na,7.2,na,na,na,0.6,na,na,na,na,0.4,0.4
  2014 Nov,-0.3,2.8,3,1.5,na,na,na,na,na,na,na,1.4,na,na,na,na,na,na,2.6,na,na,na,na,4.6,na,na,na,0.7,na,na,7.6,na,na,na,4.2,na,na,na,na,0.9,na,na,na,1.4,na,na,na,3.1,2.6,2.1,3.2,2.8,na,na,1.5,-2.8,-3,na,na,na,0.1,-2.7,na,na,na,-1.5,-1.4,-2.1,na,na,na,na,0.9,0.8,na,na,na,na,na,0.9,na,na,1.9,1.2,na,na,-0.1,na,na,na,na,na,5.6,0,-4.5,-6.2,na,na,na,na,2.4,na,na,na,-1.8,na,na,0.8,8.8,-2.2,0.9,-0.2,-0.1,na,na,na,na,na,0.9,na,na,na,na,1.5,na,na,-1.1,na,na,3.1,3.1,na,na,na,na,1.9,1.3,-0.6,na,na,na,8,na,na,na,-1.3,na,na,na,na,0,0
  2014 Oct,0.2,2.7,3.1,1.7,na,na,na,na,na,na,na,1.5,na,na,na,na,na,na,3,na,na,na,na,4.8,na,na,na,1.6,na,na,6.6,na,na,na,3.9,na,na,na,na,0.8,na,na,na,1.4,na,na,na,3.4,2.5,1.9,3.2,2.7,na,na,1.5,-1.2,-1.2,na,na,na,1.6,-1.5,na,na,na,-1,-0.9,-1.8,na,na,na,na,1.3,1.4,na,na,na,na,na,1.2,na,na,2,1.1,na,na,0.1,na,na,na,na,na,5.9,0,-3.2,-4.6,na,na,na,na,2.4,na,na,na,2,na,na,0.9,8.8,-1.5,1,1.1,0.5,na,na,na,na,na,0.9,na,na,na,na,1.5,na,na,1.4,na,na,3.1,3.1,na,na,na,na,1.9,1.6,-0.3,na,na,na,7.6,na,na,na,0.4,na,na,na,na,0.6,0.6
  2014 Sep,0.7,2.8,3.1,2.2,na,na,na,na,na,na,na,0.9,na,na,na,na,na,na,2,na,na,na,na,5.4,na,na,na,1.3,na,na,8.3,na,na,na,3.8,na,na,na,na,0.6,na,na,na,1.3,na,na,na,3.3,2.6,1.9,4.4,2.9,na,na,1.5,-1.3,-2,na,na,na,3.5,0.4,na,na,na,-0.7,-0.8,-0.2,na,na,na,na,1.6,1.1,na,na,na,na,na,1.6,na,na,2,1,na,na,0.1,na,na,na,na,na,5.8,0,-1.1,-1.8,na,na,na,na,2.5,na,na,na,0.5,na,na,0.8,1.8,-1.1,0.9,0.5,0.6,na,na,na,na,na,-0.1,na,na,na,na,-0.3,na,na,1,na,na,3.4,3.5,na,na,na,na,1.9,1.1,-0.5,na,na,na,6.5,na,na,na,-0.8,na,na,na,na,1.1,1.1
  2014 Aug,1,2.7,3.1,1.5,na,na,na,na,na,na,na,1.6,na,na,na,na,na,na,3.8,na,na,na,na,4.5,na,na,na,-1,na,na,7.2,na,na,na,4.4,na,na,na,na,-0.2,na,na,na,0.6,na,na,na,3.2,2.5,1.7,3.9,2.9,na,na,1.5,-0.2,-0.6,na,na,na,3.5,0.4,na,na,na,-0.3,-0.3,-0.1,na,na,na,na,1.7,1.6,na,na,na,na,na,1.5,na,na,3.1,1,na,na,3.6,na,na,na,na,na,5.6,0,-0.4,-1,na,na,na,na,2.5,na,na,na,0,na,na,-0.6,1.8,0.5,-0.6,1.4,0.9,na,na,na,na,na,0.7,na,na,na,na,-0.3,na,na,2.3,na,na,3.2,3.2,na,na,na,na,1.9,1.7,0,na,na,na,6.9,na,na,na,1,na,na,na,na,1.4,1.4
  2014 Jul,1.3,3,2.8,1.2,na,na,na,na,na,na,na,1.5,na,na,na,na,na,na,3.2,na,na,na,na,5.2,na,na,na,-0.4,na,na,7.1,na,na,na,3.9,na,na,na,na,-1.1,na,na,na,1.1,na,na,na,1.5,3,2.1,4,3.4,na,na,1.6,-1.6,-1.8,na,na,na,0.7,-1.2,na,na,na,0.2,0.2,0,na,na,na,na,1.7,1.5,na,na,na,na,na,1.7,na,na,3.1,0.6,na,na,3.6,na,na,na,na,na,5.8,0,-0.4,-1.1,na,na,na,na,2.5,na,na,na,1.1,na,na,-0.7,1.8,1.8,-0.8,2.8,0.9,na,na,na,na,na,3.5,na,na,na,na,-0.2,na,na,3.5,na,na,3.7,3.8,na,na,na,na,1.9,1.9,0,na,na,na,7.3,na,na,na,2.2,na,na,na,na,1.6,1.6
  2014 Jun,1.9,3.1,3.1,1.3,na,na,na,na,na,na,na,1.4,na,na,na,na,na,na,3.8,na,na,na,na,4.9,na,na,na,0.9,na,na,8.7,na,na,na,3.1,na,na,na,na,-0.6,na,na,na,0.8,na,na,na,1.5,3.1,2.5,3.8,3.4,na,na,1.7,0.1,-0.6,na,na,na,4.2,2.2,na,na,na,0.2,0.5,-1.6,na,na,na,na,1.6,1.1,na,na,na,na,na,1.8,na,na,2.9,1.1,na,na,3.4,na,na,na,na,na,5.2,0,2.9,3,na,na,na,na,2.6,na,na,na,0.9,na,na,-0.9,1.8,6.3,-1.3,2.5,0.8,na,na,na,na,na,3.1,na,na,na,na,-0.2,na,na,3.2,na,na,3.5,3.6,na,na,na,na,1.9,1.1,-0.9,na,na,na,7.2,na,na,na,-0.5,na,na,na,na,2.2,2.3
  2014 May,2.3,3.2,3.2,2,na,na,na,na,na,na,na,2.1,na,na,na,na,na,na,2,na,na,na,na,5.6,na,na,na,1.9,na,na,9.5,na,na,na,2.3,na,na,na,na,1,na,na,na,1.4,na,na,na,2,3.2,2.6,3.6,3.5,na,na,1.7,-0.2,-1.3,na,na,na,3.3,2.8,na,na,na,0.5,0.9,-1.7,na,na,na,na,2.1,1.5,na,na,na,na,na,2.2,na,na,3,1.5,na,na,3.1,na,na,na,na,na,5,1.7,4,4.6,na,na,na,na,2.6,na,na,na,0.8,na,na,-0.5,1.8,6,-0.9,3.1,0.4,na,na,na,na,na,4.4,na,na,na,na,-0.2,na,na,3.8,na,na,3.6,3.6,na,na,na,na,1.9,1.2,-0.3,na,na,na,7.3,na,na,na,-1,na,na,na,na,2.6,2.7
  2014 Apr,2.3,3.1,3.2,1.4,na,na,na,na,na,na,na,1.9,na,na,na,na,na,na,2.7,na,na,na,na,5.4,na,na,na,0.9,na,na,8.5,na,na,na,5.2,na,na,na,na,-2.4,na,na,na,0.6,na,na,na,2.5,3.1,2.7,3.6,3.2,na,na,1.7,0.8,0.1,na,na,na,3.4,2.7,na,na,na,1.1,1.6,-1.8,na,na,na,na,1.5,-0.2,na,na,na,na,na,2.3,na,na,3.4,0.8,na,na,3,na,na,na,na,na,5.2,5.6,3.2,3.6,na,na,na,na,2.3,na,na,na,2.2,na,na,-0.8,1.8,1.2,-0.9,3.5,0.7,na,na,na,na,na,4.2,na,na,na,na,-0.2,na,na,4.8,na,na,3.6,3.6,na,na,na,na,1.9,1.7,0.1,na,na,na,7.2,na,na,na,0.3,na,na,na,na,2.5,2.5
  2014 Mar,1.2,3.2,3.2,1.8,na,na,na,na,na,na,na,2.9,na,na,na,na,na,na,3,na,na,na,na,4.9,na,na,na,0.5,na,na,7.4,na,na,na,3.9,na,na,na,na,-0.9,na,na,na,1,na,na,na,1,3.2,3,3.3,3.2,na,na,0.4,-1.1,-1.8,na,na,na,2.4,0.5,na,na,na,1.3,1.7,-1,na,na,na,na,2.9,-0.5,na,na,na,na,na,4.5,na,na,3.3,0.1,na,na,3,na,na,na,na,na,5.6,5.6,-2.3,-2.7,na,na,na,na,0.8,na,na,na,0.9,na,na,-1.1,1.8,-0.1,-1.2,2.3,0.2,na,na,na,na,na,3.9,na,na,na,na,-0.1,na,na,2.5,na,na,3.5,3.6,na,na,na,na,1.9,0.8,-0.6,na,na,na,4.7,na,na,na,0.2,na,na,na,na,1.1,1
  2014 Feb,0.4,2.5,1.5,1.6,na,na,na,na,na,na,na,1.4,na,na,na,na,na,na,-1.7,na,na,na,na,4.7,na,na,na,-1.5,na,na,6.1,na,na,na,1.6,na,na,na,na,-2.7,na,na,na,1.2,na,na,na,1.6,3.1,3,3.2,3.1,na,na,0.4,-1.2,-2.4,na,na,na,-1,2.8,na,na,na,1.6,2.1,-1,na,na,na,na,0.6,-0.8,na,na,na,na,na,1.3,na,na,3.5,0.8,na,na,2.9,na,na,na,na,na,4.5,9.6,-5.7,-7.2,na,na,na,na,0.7,na,na,na,2.5,na,na,-0.7,1.8,2.4,-0.9,2.2,0.3,na,na,na,na,na,3.8,na,na,na,na,-0.2,na,na,2.3,na,na,3.5,3.6,na,na,na,na,1.9,0.2,-0.4,na,na,na,1.2,na,na,na,-0.2,na,na,na,na,0,-0.1
  2014 Jan,1.4,3.1,3.6,1.4,na,na,na,na,na,na,na,2.3,na,na,na,na,na,na,7.8,na,na,na,na,4.9,na,na,na,-0.5,na,na,6.8,na,na,na,3.5,na,na,na,na,-1.5,na,na,na,1.2,na,na,na,1.9,2.9,2.9,3.2,2.8,na,na,0.4,0.9,0.6,na,na,na,1.7,1.6,na,na,na,2,2.5,-1,na,na,na,na,4.2,-0.6,na,na,na,na,na,6.2,na,na,3.5,-0.4,na,na,3.4,na,na,na,na,na,5,9.4,-3,-3.6,na,na,na,na,0.8,na,na,na,0.1,na,na,-0.7,1.8,2,-0.9,2.5,0.1,na,na,na,na,na,4.4,na,na,na,na,-0.2,na,na,2.8,na,na,3.7,3.8,na,na,na,na,1.9,0.4,0.1,na,na,na,0.1,na,na,na,0.7,na,na,na,na,1.2,1.1
  2013 Dec,1.5,2.6,2.9,1.5,na,na,na,na,na,na,na,1.4,na,na,na,na,na,na,5.5,na,na,na,na,4.4,na,na,na,1,na,na,4.8,na,na,na,3.1,na,na,na,na,-0.8,na,na,na,1,na,na,na,0.8,2.5,2.7,2.9,2.4,na,na,0.9,0,0.2,na,na,na,-2.2,-0.4,na,na,na,2.2,2.9,-1.9,na,na,na,na,4.6,0.2,na,na,na,na,na,6.2,na,na,3.7,0.8,na,na,2.8,na,na,na,na,na,4.8,9.5,-2.1,-2.8,na,na,na,na,0.6,na,na,na,2.7,na,na,-0.9,0,6,-1.2,1.9,-0.4,na,na,na,na,na,4.1,na,na,na,na,0.2,na,na,1.7,na,na,4.1,4.3,na,na,na,na,0.5,0.6,0.3,na,na,na,-0.1,na,na,na,-1.7,na,na,na,na,1.2,1.1
  2013 Nov,2.6,2.5,2.7,1.6,na,na,na,na,na,na,na,1.8,na,na,na,na,na,na,5,na,na,na,na,5,na,na,na,1.7,na,na,4.6,na,na,na,1.7,na,na,na,na,-1.3,na,na,na,0.6,na,na,na,1,2.4,2.7,1.8,2.4,na,na,0.9,2.2,2.4,na,na,na,-0.7,1.9,na,na,na,2.4,3.3,-2.5,na,na,na,na,5.1,0.9,na,na,na,na,na,6.8,na,na,3.6,1.1,na,na,2.9,na,na,na,na,na,4,9.5,2.9,3.4,na,na,na,na,0.5,na,na,na,5.7,na,na,-1.5,0,6.3,-1.8,2.2,-0.2,na,na,na,na,na,4.3,na,na,na,na,0.2,na,na,2.2,na,na,4.1,4.3,na,na,na,na,0.4,0.9,0.3,na,na,na,-0.1,na,na,na,0.3,na,na,na,na,2.4,2.4
  2013 Oct,2,2.5,2.6,2.1,na,na,na,na,na,na,na,1.2,na,na,na,na,na,na,5,na,na,na,na,4.5,na,na,na,1.3,na,na,4.6,na,na,na,1.2,na,na,na,na,-1.7,na,na,na,0.9,na,na,na,0.7,2.4,2.7,1.7,2.4,na,na,0.9,-1.1,-1.3,na,na,na,-2.3,0,na,na,na,1.2,1.9,-2.7,na,na,na,na,4.7,0.2,na,na,na,na,na,6.5,na,na,3.7,1.6,na,na,2.8,na,na,na,na,na,4,9.5,2.3,2.7,na,na,na,na,0.5,na,na,na,2.6,na,na,-1.5,0,5.4,-1.8,1.3,-1.3,na,na,na,na,na,4.4,na,na,na,na,0.2,na,na,0.6,na,na,4.1,4.3,na,na,na,na,0.4,1.2,0.7,na,na,na,0.1,na,na,na,0.5,na,na,na,na,1.6,2
  2013 Sep,1.6,2.3,2.4,2,na,na,na,na,na,na,na,1.5,na,na,na,na,na,na,3.5,na,na,na,na,4.3,na,na,na,-0.5,na,na,4.6,na,na,na,2.2,na,na,na,na,-0.8,na,na,na,0.7,na,na,na,0.8,2.3,2.6,0.6,2.3,na,na,0.9,-1.5,-1.6,na,na,na,-4,-0.7,na,na,na,2.5,3.9,-5,na,na,na,na,5,0.8,na,na,na,na,na,6.6,na,na,3.9,1.7,na,na,3.1,na,na,na,na,na,4.2,9.5,-1.5,-2,na,na,na,na,0.3,na,na,na,3.1,na,na,-1.9,0,-3.8,-1.8,2.1,-1.1,na,na,na,na,na,5.8,na,na,na,na,0.1,na,na,1.3,na,na,3.8,3.9,na,na,na,na,0.7,1.5,0.8,na,na,na,0.3,na,na,na,0.1,na,na,na,na,1.1,1
  2013 Aug,2,2.3,2.3,1.5,na,na,na,na,na,na,na,1,na,na,na,na,na,na,2.4,na,na,na,na,4.9,na,na,na,-0.4,na,na,4.3,na,na,na,3.1,na,na,na,na,0.1,na,na,na,1.3,na,na,na,0.8,2.4,2.6,0.9,2.4,na,na,0.9,-0.4,0,na,na,na,-3,-1.2,na,na,na,2.8,4.2,-4.7,na,na,na,na,5.3,0.7,na,na,na,na,na,7.1,na,na,3.8,1.5,na,na,3,na,na,na,na,na,4.1,9.5,0.2,0.1,na,na,na,na,0.3,na,na,na,2.6,na,na,-1.7,0,-4.7,-1.6,1.8,-1.7,na,na,na,na,na,5.5,na,na,na,na,0.1,na,na,1,na,na,3.9,4,na,na,na,na,0.7,1.8,1.1,na,na,na,0.5,na,na,na,-0.3,na,na,na,na,1.6,1.5
  2013 Jul,1.9,2.1,2.4,1.7,na,na,na,na,na,na,na,1,na,na,na,na,na,na,2.5,na,na,na,na,4.1,na,na,na,-1.6,na,na,5,na,na,na,3.4,na,na,na,na,0.8,na,na,na,1.7,na,na,na,1.3,1.9,2.2,0.8,1.8,na,na,0.8,0,-0.3,na,na,na,1.4,0.8,na,na,na,1.5,2.6,-4.9,na,na,na,na,5.4,0.6,na,na,na,na,na,7.3,na,na,3.8,1.7,na,na,3,na,na,na,na,na,4.2,9.5,1.7,2,na,na,na,na,0.3,na,na,na,2.3,na,na,-1.6,0,-5.8,-1.4,0.8,-1.7,na,na,na,na,na,2.9,na,na,na,na,0.1,na,na,0.5,na,na,3.4,3.5,na,na,na,na,0.3,1.9,1.5,na,na,na,1.2,na,na,na,-2.1,na,na,na,na,1.3,1.6
  2013 Jun,1.8,2,2.3,1.5,na,na,na,na,na,na,na,0.7,na,na,na,na,na,na,1.8,na,na,na,na,4.7,na,na,na,-1.5,na,na,3.9,na,na,na,4.1,na,na,na,na,0.5,na,na,na,2.3,na,na,na,2.2,1.9,2.2,0.9,1.8,na,na,1,0.6,0.1,na,na,na,3.2,1.7,na,na,na,3.3,4.8,-4.7,na,na,na,na,5.7,0.4,na,na,na,na,na,7.7,na,na,4.3,2.5,na,na,3.4,na,na,na,na,na,4.8,9.5,-1.6,-2.1,na,na,na,na,0.3,na,na,na,2.3,na,na,-1.4,0,-3.3,-1.3,0.9,-1.2,na,na,na,na,na,2.7,na,na,na,na,0.2,na,na,0.7,na,na,3.4,3.5,na,na,na,na,0.6,2.5,1.8,na,na,na,0.8,na,na,na,-0.6,na,na,na,na,1.2,1
  2013 May,1.6,2,2.4,1.2,na,na,na,na,na,na,na,0.8,na,na,na,na,na,na,3.7,na,na,na,na,4.5,na,na,na,-2.3,na,na,4.2,na,na,na,4.2,na,na,na,na,-1.8,na,na,na,1.1,na,na,na,1.3,1.8,2.1,0.9,1.8,na,na,1,1.1,1.2,na,na,na,2.2,0.5,na,na,na,3.5,5.1,-4.9,na,na,na,na,5.4,0.1,na,na,na,na,na,7.5,na,na,4.2,2.8,na,na,3.3,na,na,na,na,na,5.2,7.8,-2.8,-3.6,na,na,na,na,0.3,na,na,na,2.4,na,na,-1.4,0,-3.3,-1.3,0.5,-0.8,na,na,na,na,na,2.3,na,na,na,na,0.2,na,na,-0.1,na,na,3.5,3.6,na,na,na,na,0.6,2.8,1.8,na,na,na,0.8,na,na,na,1.9,na,na,na,na,0.8,0.7
  2013 Apr,1.5,1.8,2,1.3,na,na,na,na,na,na,na,0.6,na,na,na,na,na,na,2,na,na,na,na,4.5,na,na,na,-2.9,na,na,4.7,na,na,na,2.3,na,na,na,na,0.7,na,na,na,1.8,na,na,na,1.8,1.7,1.9,0.9,1.6,na,na,1,-0.1,0.2,na,na,na,1.6,-1.4,na,na,na,1.2,2.4,-4.8,na,na,na,na,5.2,-0.2,na,na,na,na,na,7.3,na,na,3.5,2.7,na,na,3.1,na,na,na,na,na,4.6,3.8,0.5,0.5,na,na,na,na,0.3,na,na,na,2.8,na,na,-1.3,0,-0.6,-1.3,0,-0.6,na,na,na,na,na,2.8,na,na,na,na,0.2,na,na,-1.6,na,na,3.5,3.6,na,na,na,na,0.6,2.3,1.5,na,na,na,0.8,na,na,na,-0.4,na,na,na,na,0.6,1.2
  2013 Mar,3.5,1.8,2,1.2,na,na,na,na,na,na,na,0.5,na,na,na,na,na,na,2.4,na,na,na,na,4,na,na,na,-2.2,na,na,4.8,na,na,na,2.3,na,na,na,na,0.7,na,na,na,1.2,na,na,na,2.6,1.6,2.4,0.6,1.3,na,na,0.7,1.4,1.6,na,na,na,1.3,0.6,na,na,na,4.4,5.8,-3.3,na,na,na,na,3.9,0.3,na,na,na,na,na,5.4,na,na,4,3.4,na,na,3.8,na,na,na,na,na,5,3.8,6.9,8.5,na,na,na,na,0.3,na,na,na,3.6,na,na,-1.1,0,-0.5,-1.2,1,-0.8,na,na,na,na,na,3.2,na,na,na,na,0.2,na,na,0.3,na,na,4.1,4.2,na,na,na,na,0.6,2.4,1.4,na,na,na,0.7,na,na,na,0.5,na,na,na,na,3,2.9
  2013 Feb,4.9,2.2,3.4,1.2,na,na,na,na,na,na,na,1.7,na,na,na,na,na,na,9.1,na,na,na,na,3.5,na,na,na,-2.3,na,na,3.8,na,na,na,5.1,na,na,na,na,0.5,na,na,na,0.4,na,na,na,2,1.5,2.5,0.5,1.2,na,na,0.7,0.5,0.8,na,na,na,-0.4,-0.6,na,na,na,4.5,5.9,-3,na,na,na,na,6,0.2,na,na,na,na,na,8.3,na,na,3.5,3.1,na,na,4.1,na,na,na,na,na,4.6,0,13.9,17.3,na,na,na,na,0.4,na,na,na,6.9,na,na,-1.2,0,-1.8,-1.2,0.9,-1.8,na,na,na,na,na,3.4,na,na,na,na,0.2,na,na,0.4,na,na,4.1,4.2,na,na,na,na,0.6,2,1.1,na,na,na,0.2,na,na,na,-0.6,na,na,na,na,4.6,4.6
  2013 Jan,3.6,1,0.3,1.2,na,na,na,na,na,na,na,-0.4,na,na,na,na,na,na,-4,na,na,na,na,3.4,na,na,na,0.4,na,na,3.4,na,na,na,0.8,na,na,na,na,-0.1,na,na,na,0.7,na,na,na,1.8,1.5,2.5,-0.9,1.3,na,na,0.7,1.3,1.1,na,na,na,2.3,1.9,na,na,na,4.8,6.1,-2.6,na,na,na,na,2.4,0.1,na,na,na,na,na,3.4,na,na,3.6,3.2,na,na,4.1,na,na,na,na,na,4.9,0,8.5,10.5,na,na,na,na,0.4,na,na,na,1.4,na,na,-1.3,0,-1.6,-1.2,0.1,-1.8,na,na,na,na,na,2.8,na,na,na,na,0.2,na,na,-0.9,na,na,4.1,4.3,na,na,na,na,0.6,2.2,1.1,na,na,na,0.9,na,na,na,-0.4,na,na,na,na,2.9,2.9
